LGA code,LGA name (a),2001,2002,2003,2004,2005,2006,2007,2008,2009,2010,2011,2012,2013,2014,2015,2016,2017,2018,2019,2020,2021,2022,2023,2024
10050,Albury,45265,45816,46180,46505,47004,47566,48140,48518,48814,49222,49451,49785,50338,50990,51486,52171,53056,53922,54657,55466,56067,56665,57509,58317
10180,Armidale,27906,27774,27610,27410,27350,27377,27468,27788,28156,28409,28573,28748,28895,29015,29160,29310,29519,29631,29701,29600,29332,29361,29588,29646
10250,Ballina,37856,38417,38870,39120,39305,39537,39824,40020,40295,40571,40747,41118,41510,41881,42336,42993,43652,44385,44997,45663,46196,46849,47277,47935
10300,Balranald,2751,2703,2661,2596,2545,2507,2473,2433,2404,2381,2353,2363,2381,2376,2364,2330,2338,2308,2287,2257,2208,2210,2202,2219
10470,Bathurst,35504,35831,36084,36245,36547,36916,37272,37904,38848,39484,39960,40301,40727,41157,41694,42244,42583,42882,43207,43444,43674,44110,44606,44939
10500,Bayside (NSW),129075,129377,130598,131144,132112,133205,135831,139556,142527,144295,144985,148028,151309,154980,159222,164534,168779,171377,173913,176184,176229,177992,182945,185880
10550,Bega Valley,30425,30790,31056,31406,31608,31829,32183,32367,32620,32962,33128,33288,33430,33562,33713,33941,34287,34674,35026,35428,35770,35985,36278,36593
10600,Bellingen,12634,12673,12705,12672,12682,12716,12773,12787,12837,12891,12923,12909,12920,12929,12936,12951,12976,13006,13046,13152,13203,13261,13231,13278
10650,Berrigan,8075,8058,8035,8014,8076,8160,8204,8237,8282,8291,8297,8365,8436,8519,8568,8609,8638,8645,8649,8653,8615,8652,8643,8666
10750,Blacktown,263103,267048,268806,271434,275206,278894,284925,292002,299450,306601,312346,317735,324797,331825,339449,348030,359591,369384,380186,391911,399925,410944,426075,438843
10800,Bland,6603,6529,6453,6360,6263,6212,6178,6113,6101,6049,6021,6034,6028,6034,6027,6024,5936,5849,5755,5649,5544,5493,5463,5454
10850,Blayney,6478,6545,6562,6598,6649,6741,6821,6900,7041,7143,7217,7274,7303,7322,7322,7343,7375,7406,7450,7484,7511,7590,7643,7767
10900,Blue Mountains,76528,76656,76651,76436,75971,75600,76198,77102,77869,78227,78553,78532,78705,78867,78889,78835,78989,79107,79077,79031,78372,77913,78437,78891
10950,Bogan,3156,3105,3052,3027,2964,2939,2972,2992,2999,3013,3009,2982,2926,2894,2846,2764,2708,2648,2602,2514,2480,2454,2420,2407
11150,Bourke,3919,3781,3642,3494,3349,3185,3073,3046,3013,3033,3053,2998,2903,2870,2801,2762,2695,2600,2534,2483,2416,2348,2364,2349
11200,Brewarrina,2148,2121,2078,2039,2029,2004,1961,1944,1900,1878,1874,1821,1830,1786,1762,1710,1683,1637,1591,1525,1487,1431,1411,1408
11250,Broken Hill,20929,20681,20403,20111,19915,19753,19708,19604,19421,19267,19151,18985,18802,18627,18360,18114,17994,17914,17801,17718,17662,17567,17622,17541
11300,Burwood,30393,30682,30980,31370,31696,32199,32893,33343,33708,33835,34176,35095,36145,37200,37822,38536,39275,39773,40333,40670,40440,40850,42496,43346
11350,Byron,29453,29697,29952,30141,30130,30125,30174,30347,30537,30664,30712,31210,31756,32263,32803,33399,33944,34512,35054,35715,36106,36514,37122,37826
11400,Cabonne,12447,12478,12482,12506,12543,12634,12706,12799,12929,13071,13211,13322,13473,13506,13511,13577,13683,13729,13773,13814,13767,13843,13879,13897
11450,Camden,45167,47176,48445,48929,49994,50632,52182,53739,55379,56848,58440,61128,64095,68645,74103,80268,88297,96023,104706,112451,120083,127808,134763,141133
11500,Campbelltown (NSW),149188,149096,148739,147583,147216,146534,147155,148404,149984,150316,151172,152451,154346,156289,158586,161562,165143,168825,172286,175725,177778,180377,184734,188303
11520,Canada Bay,61940,63077,64060,65350,66951,68309,70196,72320,75332,77709,80065,82636,85568,88565,90467,92534,92872,92765,92609,91833,89685,89236,91383,92255
11570,Canterbury-Bankstown,307592,307011,306316,305670,307118,310578,316155,322404,327793,332118,335940,340387,345692,350922,356328,361862,367534,371891,375333,376638,372459,372119,379733,385242
11600,Carrathool,3290,3246,3143,3054,2947,2863,2827,2784,2778,2732,2681,2668,2797,2800,2766,2793,2825,2864,2863,2892,2873,2829,2764,2767
11650,Central Coast (NSW),294596,297530,299319,299999,301403,303051,306499,312338,316796,320361,322657,325163,327745,330377,333264,336611,340140,343074,345695,347734,348493,349158,351900,354803
11700,Central Darling,2432,2326,2218,2163,2096,2000,2003,2003,2029,2045,2059,2015,1979,1934,1923,1881,1845,1809,1799,1774,1758,1749,1756,1767
11720,Cessnock,46823,47024,47181,47266,47305,47426,48302,49303,50218,51304,52485,53318,54303,55103,55888,56720,57921,59649,60823,62431,64120,65875,67579,69352
11730,Clarence Valley,48247,48415,48509,48631,48853,49149,49524,49818,50433,50993,51287,51350,51443,51498,51547,51622,51953,52301,52604,52893,54212,54659,55321,56037
11750,Cobar,4990,4984,4949,4913,4913,4941,4954,4887,4853,4844,4782,4759,4740,4727,4703,4687,4605,4528,4401,4213,4098,4046,4077,4015
11800,Coffs Harbour,62582,63553,64574,65448,65957,66657,67567,68574,69358,70373,70972,71564,72303,73016,73739,74670,75753,76887,77810,78409,78781,79725,80480,81248
12000,Coolamon,4090,4078,4072,4066,4072,4097,4116,4145,4187,4216,4236,4278,4328,4357,4366,4390,4423,4415,4413,4404,4403,4465,4549,4613
12150,Coonamble,4797,4690,4578,4476,4394,4305,4253,4233,4223,4224,4226,4194,4168,4134,4091,4051,4023,3976,3923,3871,3833,3825,3860,3871
12160,Cootamundra-Gundagai,11397,11357,11292,11248,11256,11254,11201,11168,11230,11274,11308,11312,11313,11305,11302,11291,11306,11324,11362,11393,11390,11403,11423,11424
12350,Cowra,12989,12922,12849,12804,12774,12754,12688,12591,12548,12533,12523,12529,12511,12556,12604,12659,12697,12726,12732,12748,12759,12703,12659,12680
12380,Cumberland,171200,171580,172359,174036,177098,180403,185224,191102,195643,199981,203181,207528,212450,216864,221152,225691,231490,235878,240090,240841,237083,237481,245236,252399
12390,Dubbo,47176,47162,47060,47025,47038,47148,47315,47849,48466,48949,49079,49397,49757,50322,50847,51404,52490,53575,54358,55010,55528,55893,56548,56997
12700,Dungog,8338,8321,8312,8233,8263,8245,8245,8286,8415,8457,8556,8657,8791,8918,9008,9101,9154,9259,9329,9450,9532,9721,9766,9905
12730,Edward River,10074,9958,9798,9603,9440,9287,9228,9110,9072,8973,8888,8913,8929,8962,9012,8991,8847,8728,8657,8547,8437,8456,8429,8411
12750,Eurobodalla,33639,34239,34855,35326,35662,35855,36103,36301,36462,36807,37082,37141,37270,37483,37733,37919,38372,38816,39290,39917,40464,40752,40913,41142
12850,Fairfield,187825,187089,186489,185562,185740,186117,187872,190654,193557,195174,196479,198106,200098,201788,203490,205675,209107,211392,212825,212148,209066,206830,209705,212210
12870,Federation,12121,12141,12184,12237,12330,12497,12479,12468,12515,12520,12509,12510,12508,12499,12470,12445,12509,12559,12627,12726,12822,12852,12940,13075
12900,Forbes,10062,9995,9907,9744,9610,9540,9573,9526,9562,9495,9469,9529,9608,9698,9750,9817,9725,9664,9590,9502,9385,9338,9299,9295
12930,Georges River,125777,126520,127183,128176,129490,130586,132751,135287,137979,140040,141726,144159,146604,148882,151069,153161,155276,156225,156510,155919,152800,153267,158016,161593
12950,Gilgandra,4761,4730,4706,4660,4652,4618,4532,4471,4498,4529,4515,4464,4428,4382,4342,4298,4304,4300,4323,4327,4318,4298,4309,4305
13010,Glen Innes Severn,8818,8848,8870,8876,8907,8987,8919,8907,8926,8939,8911,8905,8909,8919,8926,8934,8937,8941,8947,8946,8925,8944,8989,8978
13310,Goulburn Mulwaree,26401,26526,26576,26559,26615,26695,26803,27166,27654,28083,28363,28730,29187,29486,29815,30261,30642,31072,31490,31934,32150,32428,32707,33112
13340,Greater Hume,10455,10331,10189,10126,10036,9999,9985,9988,10009,10060,10072,10161,10220,10318,10441,10519,10601,10701,10801,10931,11109,11266,11443,11582
13450,Griffith,24412,24377,24277,24235,24329,24450,24583,24817,25100,25264,25395,25614,25705,25942,26171,26356,26653,26896,27102,27249,27195,27015,27126,27340
13550,Gunnedah,12306,12193,12036,11892,11792,11782,11879,11987,12151,12344,12519,12514,12481,12468,12447,12491,12662,12799,12921,13024,13088,13143,13278,13392
13660,Gwydir,5716,5652,5573,5492,5442,5428,5307,5210,5167,5131,5102,5172,5218,5250,5302,5326,5244,5191,5124,5019,4912,4923,4940,4893
13800,Hawkesbury,62412,62515,62530,62032,61698,61725,62262,63066,63618,63982,64353,64670,65145,65503,65890,66346,66708,66989,67244,67578,67605,67862,68144,68704
13850,Hay,3620,3616,3582,3538,3512,3483,3394,3292,3209,3153,3085,3029,3016,3005,2994,2984,2978,2958,2933,2910,2885,2834,2829,2861
13910,Hilltops,18014,18022,18031,18060,18146,18213,18266,18337,18467,18639,18793,18807,18783,18776,18760,18756,18906,19019,19131,19205,19223,19238,19253,19300
14000,Hornsby,132644,134068,134991,135567,135974,136162,137694,139436,141117,142549,143273,143754,144458,145262,146147,147385,149601,151809,153216,154037,152263,151771,154068,154834
14100,Hunters Hill,13296,13412,13512,13631,13636,13662,13716,13742,13835,13854,13897,14070,14242,14428,14540,14656,14621,14563,14427,14269,13596,13924,14038,14062
14170,Inner West,166693,166368,166127,165989,166486,167602,170481,173375,176106,178395,180301,182041,184297,186495,188711,191194,192275,192661,191965,190035,183839,183153,188316,190939
14220,Inverell,16784,16867,16852,16822,16874,16947,17104,17253,17445,17591,17689,17702,17715,17746,17764,17815,17840,17895,17974,17985,17920,17965,18056,18080
14300,Junee,5859,5869,5861,5854,5882,5943,5942,5978,6054,6105,6132,6135,6213,6283,6336,6414,6441,6446,6452,6463,6454,6465,6520,6458
14350,Kempsey,27164,27327,27466,27608,27936,28032,28193,28431,28775,28960,29128,29223,29284,29351,29379,29431,29770,30080,30347,30602,30828,31178,31451,31718
14400,Kiama,19793,19841,19836,19784,19690,19626,19809,19933,20219,20522,20806,21004,21262,21612,21890,22110,22299,22479,22711,22873,22970,22964,23001,23173
14500,Ku-ring-gai,106965,106778,106559,105839,104883,104459,105551,107976,110464,112643,114604,116339,118195,119851,121315,122472,124122,125528,126364,126438,124703,124205,127002,128362
14550,Kyogle,9739,9686,9590,9525,9507,9491,9491,9490,9514,9544,9537,9416,9345,9288,9197,9114,9171,9208,9248,9304,9346,9452,9468,9582
14600,Lachlan,7651,7529,7366,7214,7071,6932,6821,6793,6779,6765,6802,6749,6681,6624,6541,6444,6403,6341,6273,6223,6153,6138,6146,6113
14650,Lake Macquarie,186353,187385,188171,188415,188547,188503,189672,191478,193585,195263,196811,197693,198953,200249,201240,202332,204512,206975,209433,211954,214054,216594,219231,221859
14700,Lane Cove,31880,31749,31695,31599,31538,31527,31678,31918,32308,32803,33233,33728,34261,35196,36402,37694,38615,39239,39790,40067,39608,40088,41547,42566
14750,Leeton,11832,11807,11755,11681,11590,11562,11502,11457,11461,11432,11406,11430,11413,11408,11411,11407,11438,11459,11489,11500,11480,11454,11430,11438
14850,Lismore,42721,42749,42681,42764,43011,43338,43636,43750,43940,44190,44348,44388,44408,44327,44212,44122,44137,44196,44234,44316,44361,44274,43901,43783
14870,Lithgow,20451,20442,20418,20357,20272,20186,20277,20352,20621,20732,20850,21000,21118,21283,21400,21484,21419,21344,21216,21063,20855,20811,20722,20740
14900,Liverpool,158027,161908,163835,165627,167472,169868,172875,177372,181712,184910,188088,191799,196122,200725,206205,211983,217465,222410,227187,231268,234505,239774,247607,254905
14920,Liverpool Plains,7977,7940,7859,7797,7736,7717,7720,7717,7718,7738,7761,7786,7812,7831,7837,7847,7829,7806,7780,7702,7608,7659,7666,7670
14950,Lockhart,3550,3470,3404,3330,3267,3237,3203,3171,3159,3133,3098,3085,3096,3117,3121,3173,3208,3218,3266,3308,3328,3370,3396,3474
15050,Maitland,56055,57642,59167,60440,61961,63505,65143,66244,67268,68561,69924,72012,73870,75695,77374,79063,81058,83260,85313,87920,90612,93614,95937,98163
15240,Mid-Coast,81291,82081,83014,83730,84281,84579,85325,86091,86942,87948,88818,89308,89940,90468,91038,91801,92901,93900,94826,95731,96475,97227,97911,98582
15270,Mid-Western,22003,22002,21862,21706,21647,21641,21887,22186,22469,22774,23020,23343,23742,24059,24374,24546,24889,25181,25416,25589,25714,25795,25918,26214
15300,Moree Plains,16108,15834,15457,15028,14693,14407,14155,14070,14019,14032,14043,13980,13925,13853,13735,13627,13497,13355,13215,13047,12964,12868,12870,12816
15350,Mosman,27680,27644,27680,27737,27538,27570,27900,28422,28761,29131,29351,29481,29641,29846,30045,30260,30299,30269,30020,29543,28466,28132,29075,29253
15520,Murray River,10997,10994,10966,10929,10932,11020,11082,11161,11226,11259,11257,11382,11515,11642,11755,11872,12027,12227,12355,12572,12785,13014,13326,13562
15560,Murrumbidgee,4548,4485,4402,4328,4273,4219,4109,4039,3992,3948,3888,3882,3920,3900,3893,3929,3854,3809,3753,3625,3564,3566,3607,3658
15650,Muswellbrook,15099,15339,15402,15402,15467,15639,15713,15749,15878,16108,16328,16398,16415,16431,16435,16462,16519,16520,16554,16539,16469,16540,16775,16817
15700,Nambucca Valley,18026,18005,17849,18136,18247,18299,18456,18695,18892,19140,19235,19310,19428,19501,19541,19580,19787,19960,20150,20290,20382,20607,20774,20986
15750,Narrabri,14422,14244,14050,13784,13592,13477,13359,13303,13349,13394,13438,13433,13489,13480,13459,13367,13300,13233,13146,12990,12808,12720,12752,12796
15800,Narrandera,6686,6580,6433,6307,6221,6149,6103,6069,6093,6105,6115,6086,6054,6015,5978,5949,5909,5879,5832,5787,5733,5720,5692,5687
15850,Narromine,7060,6980,6863,6777,6734,6691,6676,6726,6748,6815,6832,6795,6761,6721,6668,6617,6596,6584,6565,6521,6448,6429,6442,6432
15900,Newcastle,141001,142220,143613,144834,145914,146623,148524,150553,151895,153483,155550,156451,157477,158683,159680,160707,162796,164730,166510,168242,169433,171535,174276,176860
15950,North Sydney,58337,58816,59583,60271,60850,61512,62476,63484,64762,65850,66747,67630,68666,69754,70860,71809,72304,72354,72155,71430,69471,69373,72017,72909
15990,Northern Beaches,229816,230170,230208,230438,231741,233600,237084,239842,244500,248250,251696,254115,257020,259723,262593,265468,267483,268390,268935,268164,264567,263340,267899,270772
16100,Oberon,5257,5269,5243,5209,5193,5179,5166,5161,5192,5207,5209,5235,5300,5318,5329,5349,5409,5455,5489,5540,5567,5596,5600,5604
16150,Orange,36701,36728,36721,36501,36410,36374,36801,37401,37904,38660,39419,39769,40167,40619,40837,41210,41800,42522,43115,43383,43750,43964,44236,44610
16200,Parkes,14927,14901,14807,14690,14627,14600,14643,14755,14835,14984,15083,15048,15022,14991,14954,14924,14893,14836,14774,14646,14451,14346,14255,14236
16260,Parramatta,170101,171245,172927,175370,178021,180919,185175,189684,195136,199575,203205,208182,214537,221107,227649,234444,243158,250835,257472,260413,258527,260472,269095,274956
16350,Penrith,176277,176829,176610,175589,175799,176067,177280,179851,181901,182948,184589,187281,190527,193765,197678,201597,205517,209578,213534,216922,219239,220915,224430,228661
16380,Port Macquarie-Hastings,64960,66573,67960,68987,69659,69947,71097,72528,73317,74460,75232,76271,77043,78048,78997,80073,81386,82780,84167,85499,86638,88305,89598,90835
16400,Port Stephens,58509,59506,60410,61256,61918,62132,63425,64316,65521,66447,67214,68012,68750,69537,70257,71115,71829,72609,73509,74450,75328,76669,77742,78906
16490,Queanbeyan-Palerang,44289,45669,47142,47783,48886,50070,51002,52141,53190,54250,54844,55408,55920,56537,57130,57790,59000,60212,61423,62506,63404,64236,65353,66855
16550,Randwick,124456,124390,124252,124088,124596,125346,128229,131136,133975,136006,137792,139836,142459,144814,146908,148922,149099,147552,145287,142499,135219,135750,141828,144598
16610,Richmond Valley,21014,21213,21213,21167,21256,21728,22067,22291,22417,22597,22717,22848,22981,23087,23148,23256,23336,23446,23525,23593,23595,23700,23703,23892
16700,Ryde,98516,98711,98929,99089,99527,100344,102453,104602,105983,107319,108712,111156,113547,115843,118499,121270,124095,126364,129738,130999,129813,131168,135705,139047
16900,Shellharbour,59383,60054,60815,61382,61863,62243,62916,63956,64778,65597,66218,66840,67701,68658,69474,70391,71303,72318,73370,74941,76492,78330,79725,81566
16950,Shoalhaven,86856,88055,88861,89374,90173,90505,91497,92351,93754,95154,96203,97166,98097,99292,100550,101942,103122,104489,105781,107246,108550,109604,109888,110803
17000,Singleton,21066,21356,21671,21886,22254,22535,22663,22860,23063,23335,23523,23548,23557,23597,23586,23576,23806,24036,24309,24503,24725,25093,25328,25639
17040,Snowy Monaro,19440,19571,19710,19762,19866,20008,20073,20147,20241,20335,20386,20403,20433,20454,20473,20558,20792,20972,21192,21437,21667,21823,22131,22292
17080,Snowy Valleys,15084,15018,15052,14793,14700,14684,14641,14575,14647,14728,14756,14741,14720,14690,14640,14611,14693,14751,14817,14889,14900,14936,14935,14955
17100,Strathfield,29253,29578,30256,31242,32143,33030,34219,35343,36592,37002,37239,37968,38918,40301,41276,42415,43679,44663,45895,46417,45963,46250,47820,48495
17150,Sutherland,212458,212978,212719,211907,211460,211230,213161,216400,219065,220060,220250,221220,222549,223921,225218,226461,227428,228239,229213,230379,230994,231845,234994,238614
17200,Sydney,128901,136368,145079,152892,158834,164597,169056,172985,177150,180748,183281,189543,196318,204516,214037,222717,227997,229284,229596,227250,214703,218275,231127,237278
17310,Tamworth,53557,53831,54016,54111,54363,54887,55607,56148,56814,57650,58228,58699,59240,59872,60432,60990,61758,62511,63183,63405,63670,64520,65236,65908
17350,Temora,6288,6221,6123,6039,6016,6008,5977,5959,5936,5951,5953,6002,6055,6098,6165,6210,6162,6138,6116,6077,6013,5995,6028,6023
17400,Tenterfield,6842,6808,6709,6650,6630,6666,6731,6796,6882,6941,6990,6925,6834,6769,6713,6697,6728,6767,6794,6779,6800,6878,6972,7081
17420,The Hills,117301,122269,126698,130134,133214,136015,138034,141230,144388,146247,147779,149939,152429,155366,158941,162975,168400,173067,180102,186622,192660,199269,207928,215612
17550,Tweed,73980,75711,77868,79555,80382,81531,83060,84842,86539,87722,88437,89266,90226,91139,92261,93742,94597,95355,96068,96857,97216,97966,98963,99793
17620,Upper Hunter,13430,13415,13335,13235,13281,13333,13374,13599,13801,13983,14206,14388,14514,14508,14412,14344,14318,14298,14291,14296,14258,14291,14336,14408
17640,Upper Lachlan,7210,7203,7195,7192,7185,7209,7229,7276,7333,7379,7422,7571,7594,7722,7804,7853,8003,8097,8220,8378,8494,8550,8705,8875
17650,Uralla,6052,6002,5912,5885,5888,5894,5930,5996,6129,6198,6241,6244,6253,6238,6194,6147,6154,6144,6119,6056,5992,5984,6047,6096
17750,Wagga Wagga,56280,56718,56897,57211,57761,58518,59493,60329,61061,61503,61781,62104,62416,62776,63327,63906,64768,65618,66411,67277,67891,68338,68703,68951
17850,Walcha,3282,3270,3257,3244,3244,3259,3210,3172,3154,3137,3119,3143,3150,3149,3128,3130,3138,3110,3090,3057,3019,3010,2968,2990
17900,Walgett,8261,8049,7800,7517,7312,7129,6979,6883,6914,6908,6797,6701,6595,6512,6419,6317,6167,6004,5869,5701,5588,5515,5518,5497
17950,Warren,3293,3201,3111,3008,2919,2814,2786,2789,2807,2840,2862,2857,2836,2809,2783,2797,2742,2714,2662,2634,2584,2578,2583,2593
18020,Warrumbungle,10762,10620,10446,10258,10155,10034,9952,9925,9930,9921,9898,9849,9743,9689,9622,9562,9489,9454,9377,9358,9256,9245,9228,9239
18050,Waverley,62853,62832,62778,62988,63435,64294,65279,66458,67394,68082,68698,69294,70052,70742,71336,72013,72507,72609,72485,71880,69397,69357,71422,72857
18100,Weddin,3826,3798,3768,3756,3737,3722,3710,3715,3720,3733,3759,3738,3723,3706,3688,3677,3672,3656,3635,3619,3592,3614,3616,3608
18200,Wentworth,7156,7078,7009,6946,6915,6926,6963,6964,6932,6910,6837,6847,6848,6877,6890,6932,7052,7185,7284,7389,7490,7596,7687,7804
18250,Willoughby,61399,62785,63389,64414,65578,66481,67809,68434,69512,70256,71139,72119,73072,74238,75970,77888,78873,78797,78830,78566,76044,75508,77887,79634
18350,Wingecarribee,42384,42980,43257,43348,43402,43532,44054,44539,45165,45761,46126,46467,46964,47470,48150,48998,49790,50562,51302,52018,52489,52795,53107,53552
18400,Wollondilly,38178,38513,39215,39830,40411,40969,41589,42401,43145,43828,44607,45439,46399,47445,48562,49854,50912,51972,52826,53618,54196,55801,57602,59782
18450,Wollongong,188275,189851,190475,190641,190721,190909,192770,195437,197887,200468,202068,203045,204707,206415,208313,210394,212188,213480,214552,215063,214700,216444,219117,221894
18500,Woollahra,52677,52792,52998,52723,52655,52995,53564,54076,54862,55497,56320,56601,56909,57253,57513,57744,57750,57370,56892,55951,53910,53525,54666,55175
18710,Yass Valley,12002,12366,12772,13058,13247,13500,13916,14310,14714,15227,15615,15808,16010,16188,16356,16568,16669,16796,16941,17092,17240,17379,17475,17647
19399,Unincorporated NSW,1210,1189,1162,1135,1114,1095,1100,1107,1107,1114,1119,1124,1127,1134,1106,1112,1109,1115,1086,1055,1020,1000,1013,984
20110,Alpine,12709,12655,12581,12432,12372,12260,12227,12156,12112,12089,12068,12183,12283,12355,12429,12578,12687,12822,12904,13054,13166,13191,13181,13199
20260,Ararat,11544,11566,11536,11510,11452,11422,11363,11344,11332,11337,11326,11400,11490,11560,11644,11745,11796,11805,11838,11918,11827,11758,11683,11686
20570,Ballarat,82333,83168,84190,84775,85663,86647,87796,89531,91390,93359,95185,96728,98344,99914,101479,103500,105551,107608,109773,111645,113504,116011,118126,121050
20660,Banyule,117967,117559,117313,116661,117149,117963,119362,120580,122248,122780,122983,123584,124314,125107,126088,127447,128660,129645,130607,130294,127370,127427,129607,131931
20740,Bass Coast,25243,25809,26224,26476,26894,26941,27408,27981,28561,29474,30233,30811,31331,31917,32576,33464,34748,36083,37440,38950,40675,41813,42729,43557
20830,Baw Baw,35850,35990,36283,36643,37079,37814,38503,39389,40516,42097,43389,44506,45627,46644,47837,49296,50883,52447,54047,55753,57618,59277,60636,61905
20910,Bayside (Vic.),88262,88717,89088,89394,89873,90807,92041,93535,94850,95594,96119,96971,98252,99797,101268,102912,103665,104623,105128,105018,102328,102241,104307,106118
21010,Benalla,13886,13897,13878,13846,13829,13807,13802,13792,13796,13838,13818,13849,13878,13898,13923,13982,14049,14158,14237,14382,14436,14463,14529,14635
21110,Boroondara,156246,156886,157298,157885,158727,159605,161308,163408,165284,166326,167062,168483,170485,172660,174753,177276,178650,179386,179663,177875,169789,169632,174633,178008
21180,Brimbank,167213,168499,169424,170953,172749,174231,177004,180561,185397,188895,191496,193774,196169,198468,200860,204190,206116,206977,206771,204213,196631,193392,196059,198152
21270,Buloke,7220,7171,7102,7026,6995,6957,6861,6789,6751,6622,6465,6434,6388,6335,6306,6284,6221,6214,6166,6156,6132,6120,6039,5956
21370,Campaspe,36011,36247,36457,36549,36779,36969,37020,37017,37021,36973,36855,37041,37213,37338,37429,37595,37799,37948,38128,38379,38556,38556,38296,38153
21450,Cardinia,46720,47840,50038,52864,55173,57950,60368,63647,67889,71830,75831,80422,84591,88070,92298,97573,102258,106945,112002,116505,119573,123181,126932,130383
21610,Casey,180444,188914,198652,206646,213821,220440,228496,237529,246678,254471,261282,269240,278023,287937,299528,312789,324946,338087,352006,363970,369558,379104,392060,405415
21670,Central Goldfields,12888,12835,12732,12566,12493,12434,12471,12531,12587,12600,12579,12714,12815,12884,12950,13087,13200,13330,13349,13304,13388,13520,13574,13704
21750,Colac Otway,20686,20689,20697,20689,20684,20614,20687,20782,20844,20855,20799,20902,21035,21131,21230,21362,21595,21823,22037,22274,22309,22198,22272,22300
21830,Corangamite,17293,17232,17027,16962,16867,16815,16718,16636,16623,16563,16526,16470,16410,16340,16274,16243,16279,16231,16171,16108,16030,15999,15947,15846
21890,Darebin,127067,127359,127711,128735,130298,132299,134748,137525,140289,141780,142942,144986,147272,149511,151974,155126,156525,157103,157298,157056,150296,150605,155713,159963
22110,East Gippsland,38843,39112,39329,39776,40173,40544,40969,41416,41904,42385,42826,43329,43809,44277,44868,45600,46219,46881,47464,47874,48477,48939,49176,49422
22170,Frankston,113306,114262,115483,117124,118530,120148,122182,124689,127252,129052,130350,132194,134351,136181,137790,139502,140601,141531,141970,142191,140824,141161,142808,144615
22250,Gannawarra,11873,11783,11661,11540,11455,11413,11207,11052,10923,10692,10453,10498,10526,10534,10536,10567,10602,10601,10562,10575,10615,10534,10419,10404
22310,Glen Eira,122346,123197,123816,125037,126485,128474,130524,132900,135414,136515,137152,139116,141260,143694,145924,148583,150702,152389,153936,154656,150638,151824,156897,161057
22410,Glenelg,20083,20065,20039,20033,20051,20077,20035,20020,19995,19949,19848,19825,19797,19755,19722,19759,19802,19893,19992,20055,20058,20049,20021,20007
22490,Golden Plains,14872,15119,15477,15931,16390,16666,17022,17456,17941,18441,18958,19604,20362,20899,21388,22016,22613,23191,23810,24366,24892,25321,25812,26337
22620,Greater Bendigo,89071,90176,91513,92535,93269,94577,96097,97417,99003,100506,101995,103905,105957,107955,109908,112267,114265,116186,118214,119958,121272,122704,124159,125805
22670,Greater Dandenong,127724,127336,127060,127293,128054,130068,132860,135884,138740,140212,142167,145116,148502,152135,156061,160222,162924,164895,166296,165648,160100,159294,163824,167298
22750,Greater Geelong,191534,194713,196973,198541,199996,201495,203802,206479,209429,212585,215837,219152,223357,227744,232926,239529,246384,253175,260134,266036,270932,276601,282787,289565
22830,Greater Shepparton,57610,57996,58379,58338,58419,58688,59208,59854,60758,61443,61744,62562,63244,63919,64489,65072,65955,66826,67733,68474,68526,68964,69133,69874
22910,Hepburn,14268,14192,14114,14097,13973,13926,14014,14187,14416,14561,14629,14825,15022,15184,15334,15525,15708,15902,16105,16339,16485,16573,16670,16824
22980,Hindmarsh,6496,6452,6361,6274,6189,6119,6080,6032,6025,5954,5856,5857,5852,5844,5808,5784,5728,5691,5668,5668,5656,5601,5559,5464
23110,Hobsons Bay,82854,83124,83107,82668,82990,83906,84819,85513,86767,87192,87395,88339,89188,90417,91674,93445,94543,95150,95818,95193,92267,91864,93740,95633
23190,Horsham,18305,18326,18340,18413,18584,18770,18917,19060,19243,19390,19523,19608,19694,19748,19792,19884,19977,20064,20200,20385,20376,20348,20312,20376
23270,Hume,135147,137854,140995,144546,149059,152797,157516,161863,166728,170952,174290,179202,184873,191278,198176,207041,216249,225526,235370,243643,246920,253182,262741,271709
23350,Indigo,14493,14603,14710,14810,14919,15038,15047,15128,15223,15287,15317,15454,15605,15732,15922,16165,16390,16613,16876,17115,17251,17425,17660,17788
23430,Kingston (Vic.),133063,134216,135191,136121,137091,138390,140487,142817,146050,147407,148304,150435,152336,154210,156244,158941,160140,161685,163178,163196,159554,160107,163736,166521
23670,Knox,146525,147952,149038,149068,149362,150275,151343,152538,154122,154643,154625,155406,156347,157434,158700,160353,161525,162459,163308,163242,160481,159549,161765,163302
23810,Latrobe (Vic.),69573,69575,69633,69754,69939,70536,71045,71702,72306,73082,73788,74004,74124,74134,74266,74622,75088,75586,76121,76714,77117,77705,78147,78845
23940,Loddon,8473,8390,8284,8125,8012,7922,7883,7812,7741,7653,7546,7529,7518,7513,7531,7558,7569,7602,7629,7657,7703,7750,7747,7755
24130,Macedon Ranges,37325,37605,37942,38509,38998,39383,39900,40584,41582,42223,42883,43794,44595,45471,46373,47480,48415,49302,50162,50894,51599,52202,52915,53738
24210,Manningham,113194,113422,113434,113308,113432,113914,114771,115539,116372,116656,116750,117440,118357,119437,120785,122570,124126,125091,126873,127987,125821,126570,129543,131761
24250,Mansfield,6718,6757,6807,6939,7124,7357,7465,7593,7754,7870,7942,8097,8276,8395,8530,8674,8897,9153,9417,9792,10121,10338,10546,10782
24330,Maribyrnong,60848,61557,62516,63168,64137,65518,67666,69902,71872,73613,75154,77179,79782,82463,84783,86942,88120,88871,89460,89418,86385,87605,91776,94251
24410,Maroondah,99662,99999,100177,100476,101009,101430,102536,104034,106011,106677,107323,108434,109781,111421,113023,114800,116223,117125,117965,118295,116075,115759,117432,119354
24600,Melbourne,55398,60415,65954,71425,76034,80154,85366,89937,94247,97623,100240,107578,118711,127975,136872,146096,155956,163363,168952,170589,153110,160328,177785,189381
24650,Melton,52504,57724,63837,69145,74316,80595,86196,92552,99935,106848,112643,118329,123936,129309,134915,141420,148711,157019,165535,173566,181346,193285,206021,219697
24700,Merri-bek,135540,136156,136630,137642,138963,140872,143694,146450,150114,152261,154247,156967,160282,164099,167870,172294,175110,177679,179327,180030,173500,174886,181265,186534
24780,Mildura,48865,49405,49534,49677,49981,50540,50855,51140,51373,51625,51822,52475,53156,53737,54156,54658,55433,56154,56764,57335,56966,57250,57553,57626
24850,Mitchell,27526,28179,29158,29862,30492,30723,31529,32302,32897,33892,35105,36384,37788,39084,40264,41795,43045,44556,46373,48073,49712,51682,53712,56384
24900,Moira,26404,26437,26583,26684,26969,27477,27703,27968,28140,28331,28406,28675,28905,29100,29288,29486,29717,29910,30099,30298,30367,30584,30771,30836
24970,Monash,162135,162430,162824,163495,164949,167010,169145,171321,174398,175731,177345,180312,183255,186150,189174,192625,195666,198010,199762,200791,192893,195081,203687,209268
25060,Moonee Valley,104793,104856,104629,104632,105059,105717,106716,108417,110367,111363,112180,113673,115464,117763,120231,122871,124321,125487,126406,126786,122950,123119,126499,129732
25150,Moorabool,24839,24943,25197,25378,25783,26077,26431,26813,27453,28047,28670,29363,30410,31066,31748,32672,33689,34662,35793,36944,37910,38526,39084,39814
25340,Mornington Peninsula,131574,133997,135620,136674,137759,139317,141740,144403,147002,148542,149271,151700,154001,156500,158831,161528,164188,166564,168594,170186,170440,169733,170245,171450
25430,Mount Alexander,16881,16968,17153,17180,17240,17304,17415,17585,17683,17806,17872,18053,18247,18501,18794,19097,19297,19500,19696,19939,20114,20324,20575,20799
25490,Moyne,15525,15578,15605,15597,15635,15708,15744,15848,15976,16082,16167,16304,16431,16512,16591,16737,16779,16897,16997,17091,17296,17478,17608,17717
25620,Murrindindi,13257,13349,13395,13381,13472,13663,13690,13748,13352,13318,13335,13456,13563,13687,13848,14052,14290,14561,14737,14872,15139,15353,15482,15603
25710,Nillumbik,60444,60501,60452,60682,61102,61515,61858,62367,62785,62838,62716,62935,63174,63433,63675,64174,64414,64542,64464,64322,63450,63066,63259,63693
25810,Northern Grampians,12857,12793,12616,12460,12285,12095,12095,12087,12117,12113,12054,11970,11880,11777,11644,11570,11591,11634,11707,11805,11886,11879,11878,11808
25900,Port Phillip,80054,82220,84170,86017,87831,89641,91490,93174,95272,96375,97276,99893,102156,104451,106381,108627,109523,110733,111782,110574,103438,104096,109585,112669
25990,Pyrenees,6541,6546,6551,6561,6603,6648,6650,6661,6721,6748,6759,6860,6938,7047,7179,7316,7325,7327,7449,7544,7619,7653,7785,7958
26080,Queenscliffe,3226,3196,3158,3119,3104,3086,3081,3077,3065,3059,3061,3057,3002,2970,2933,2929,2923,2954,2973,3095,3236,3221,3238,3302
26170,South Gippsland,25762,25786,25910,25957,26068,26128,26350,26556,26903,27173,27512,27926,28273,28521,28781,29122,29361,29604,29923,30272,30388,30708,30822,31022
26260,Southern Grampians,16873,16862,16880,16854,16879,16858,16874,16869,16822,16705,16571,16461,16355,16255,16162,16123,16207,16291,16378,16506,16492,16401,16468,16525
26350,Stonnington,89424,90370,91034,92061,92893,94056,95228,96841,98186,98728,98853,101410,103487,105894,108028,111003,112134,113340,113800,112610,106190,106524,111416,114038
26430,Strathbogie,9558,9538,9564,9489,9455,9509,9538,9552,9564,9598,9598,9744,9867,10018,10175,10357,10532,10734,10907,11158,11368,11515,11579,11739
26490,Surf Coast,20556,21001,21292,21518,21819,22333,23135,24064,25052,25861,26666,27530,28228,28874,29625,30465,31555,32750,34213,35827,37648,38672,39290,39928
26610,Swan Hill,21025,21065,21064,21009,20977,20950,20972,20976,21043,20982,20865,20971,21003,20940,20893,20896,21069,21240,21407,21499,21381,21239,21210,21094
26670,Towong,6216,6196,6148,6138,6105,6097,6060,6048,6050,6004,5918,5940,5961,5982,6005,6046,6064,6100,6142,6170,6186,6198,6243,6237
26700,Wangaratta,26260,26341,26378,26464,26608,26776,26871,27005,27111,27200,27212,27438,27650,27862,28143,28592,28951,29269,29439,29517,29751,29915,30000,30169
26730,Warrnambool,29180,29658,29998,30266,30553,30959,31380,31696,32036,32370,32667,33059,33423,33729,34005,34242,34520,34823,35104,35418,35433,35576,35906,36150
26810,Wellington,40835,40671,40533,40481,40504,40682,40897,41174,41506,41803,42068,42445,42721,42948,43172,43530,43872,44233,44676,45105,45469,45818,46120,46533
26890,West Wimmera,4808,4749,4707,4636,4583,4539,4488,4452,4427,4373,4287,4214,4124,4038,3974,3937,3952,3964,3979,3994,3978,3943,3932,3913
26980,Whitehorse,146178,146110,146036,146453,147344,149017,151180,153487,155959,157058,157538,159661,162081,164320,166679,169641,172376,174431,175862,176794,171077,172607,178714,183462
27070,Whittlesea,117390,119629,122215,123736,125893,128491,132938,138446,145445,152709,160800,169993,179272,187899,196847,207058,214426,220601,226072,231040,231831,237143,245013,253204
27170,Wodonga,31964,32481,32995,33528,33597,33595,33837,34157,34654,35287,36025,36758,37575,38369,39223,40100,40837,41541,42084,42666,43207,43716,44269,44824
27260,Wyndham,86604,90333,95776,101789,108795,115161,123778,133063,143405,155251,166699,179131,190211,201512,213815,227008,241573,257010,273201,287292,296322,309398,324061,337009
27350,Yarra,68522,69415,70115,70811,71719,72808,74289,75868,77311,78430,78903,81268,83962,87228,89923,92894,94503,95504,96544,96662,91521,92392,97505,100706
27450,Yarra Ranges,141674,142449,142928,142827,142928,143393,144485,145884,147663,148473,148901,149864,150902,151968,153391,155226,156696,157819,158745,158876,157421,157467,158672,160137
27630,Yarriambiack,8184,8095,7982,7847,7715,7609,7505,7438,7412,7312,7183,7095,7032,6924,6826,6743,6708,6698,6675,6641,6510,6437,6388,6346
29399,Unincorporated Vic,451,516,578,638,697,757,741,745,749,759,769,797,808,835,862,892,901,911,918,934,946,961,953,964
30250,Aurukun,1074,1109,1100,1110,1098,1089,1164,1252,1315,1365,1398,1372,1350,1332,1321,1323,1301,1296,1288,1196,1130,1124,1153,1163
30300,Balonne,5473,5336,5174,5000,4878,4754,4760,4786,4813,4833,4862,4787,4776,4726,4610,4461,4394,4372,4389,4392,4378,4352,4344,4356
30370,Banana,15534,15328,15136,14959,14913,15026,14883,14880,14941,14855,14812,14852,14948,14860,14707,14570,14573,14525,14581,14587,14657,14778,14917,15053
30410,Barcaldine,3483,3482,3388,3350,3359,3341,3338,3322,3303,3295,3292,3249,3232,3166,3082,2909,2881,2877,2876,2862,2863,2864,2893,2917
30450,Barcoo,454,437,408,404,381,370,364,371,360,360,363,348,333,317,296,272,278,288,297,302,312,315,317,317
30760,Blackall Tambo,2385,2327,2218,2164,2126,2063,2076,2124,2171,2216,2257,2236,2214,2152,2035,1925,1895,1901,1916,1919,1918,1934,1953,1969
30900,Boulia,566,534,502,477,456,434,428,443,456,485,493,486,481,473,459,436,435,447,454,458,470,474,478,479
31000,Brisbane,885787,908289,930535,949935,967989,987831,1010222,1033472,1057692,1073144,1089879,1111798,1131996,1149107,1165437,1184752,1206960,1226938,1247133,1263500,1262968,1283432,1323481,1355640
31750,Bulloo,450,445,429,417,397,380,369,379,390,405,418,410,396,388,372,356,347,343,340,340,342,343,346,347
31820,Bundaberg,77430,78571,79559,80991,82876,84816,86486,88599,90335,91400,92063,93293,93850,94025,94028,94256,95354,96599,97801,98883,100095,102070,104168,106146
31900,Burdekin,18158,18038,17846,17636,17536,17451,17568,17653,17776,17786,17775,17862,17754,17695,17566,17326,17224,17086,17003,16934,16836,16868,17019,17204
31950,Burke,490,496,501,492,506,512,532,542,543,549,557,551,506,450,396,342,362,381,399,415,430,432,438,444
32080,Cairns,115373,117266,120286,123392,127336,131843,136251,141403,145962,148943,150992,154041,156764,158574,159944,161573,163806,165716,167149,168710,169250,171985,175397,178104
32250,Carpentaria,2246,2253,2242,2191,2080,2003,2087,2124,2136,2182,2197,2170,2146,2112,2092,2051,2034,2050,2089,2118,2158,2170,2211,2229
32260,Cassowary Coast,29536,29447,29438,29337,29124,28603,28706,28739,28761,28718,28636,28880,28950,29038,29098,29287,29442,29536,29564,29608,29511,29605,29972,30390
32270,Central Highlands (Qld),24581,25054,25540,26141,26661,27265,27596,28090,28714,29082,29541,29741,29782,29598,29143,28690,28573,28572,28574,28524,28298,28530,28969,29336
32310,Charters Towers,12007,11962,11939,11872,11783,11729,11915,12096,12239,12316,12434,12403,12391,12367,12235,12087,12021,11954,11890,11923,11920,11979,12011,12040
32330,Cherbourg,1186,1191,1197,1192,1188,1182,1190,1206,1222,1245,1264,1283,1292,1300,1304,1293,1283,1257,1244,1220,1211,1228,1263,1281
32450,Cloncurry,3754,3664,3552,3424,3342,3248,3250,3308,3304,3301,3342,3359,3327,3270,3179,3125,3260,3351,3442,3528,3704,3788,3850,3882
32500,Cook,3636,3650,3611,3696,3626,3565,3650,3787,3988,4135,4409,4205,4222,4065,4217,4302,4414,4471,4532,4579,4631,4673,4761,4824
32600,Croydon,282,277,274,266,271,264,271,297,307,319,327,317,308,303,297,296,288,280,272,269,269,268,270,270
32750,Diamantina,320,313,301,295,294,291,290,295,296,293,292,295,299,303,301,296,284,286,282,273,270,270,272,271
32770,Doomadgee,1178,1166,1154,1142,1136,1129,1194,1235,1273,1327,1374,1368,1400,1422,1454,1475,1495,1486,1479,1459,1434,1442,1460,1473
32810,Douglas,10264,10442,10522,10453,10369,10524,10768,10995,11116,11146,11186,11380,11585,11757,11877,12070,12206,12204,12312,12371,12441,12662,12829,13071
33100,Etheridge,997,972,941,897,883,869,902,915,927,923,929,897,864,840,818,807,792,773,747,731,724,720,726,727
33200,Flinders (Qld),2050,2016,2017,1946,1897,1844,1842,1837,1834,1834,1840,1795,1754,1710,1643,1582,1520,1498,1506,1509,1521,1534,1543,1552
33220,Fraser Coast,72781,74299,77048,80111,83010,86117,89109,92018,94813,96618,97661,99021,100290,101332,102129,102962,104509,106379,108146,109938,112070,115069,117935,120685
33360,Gladstone,45479,46592,47860,49517,50587,52051,53587,55425,57046,57697,59461,60521,62158,63367,63697,63017,62859,63077,63495,63890,64275,65302,66829,68065
33430,Gold Coast,379679,394631,410545,424005,436671,450075,466940,481569,495835,506135,515202,528342,540687,550718,561629,575303,589101,602443,614435,626342,633598,647178,666108,681389
33610,Goondiwindi,10219,10297,10326,10306,10297,10364,10468,10605,10722,10823,10900,10944,10952,10902,10835,10813,10747,10648,10603,10516,10400,10408,10450,10495
33620,Gympie,38062,38549,39389,40469,41682,42628,43634,44700,45774,46366,46837,47786,48491,49089,49540,50327,51110,51665,52489,53021,53851,55108,56162,57449
33800,Hinchinbrook,12172,12046,12004,11851,11814,11810,11822,11826,11829,11808,11817,11763,11613,11412,11181,10968,10950,10944,10891,10911,10990,11087,11116,11162
33830,Hope Vale,875,867,850,831,824,812,850,897,955,1011,1052,1059,1043,1030,1009,1014,1005,1011,1013,1007,998,1004,1025,1053
33960,Ipswich,123934,126116,128646,132119,137324,141986,148133,154428,161664,167134,172200,178215,183688,189195,194274,200103,205588,211946,219893,226778,233314,242640,251105,259886
33980,Isaac,18169,18590,19050,19231,19785,20372,21018,21632,22237,22658,23188,23344,23284,22786,22173,21543,21480,21523,21773,22141,22419,22744,23021,23197
34420,Kowanyama,999,1012,1016,1030,1048,1063,1075,1079,1088,1103,1112,1078,1042,1014,996,983,990,1014,1045,1076,1107,1136,1146,1151
34530,Livingstone,25863,26488,27280,28159,28755,29543,30629,31407,32474,32906,33394,34381,35279,36063,36579,36950,37452,37950,38548,39206,39877,40901,41901,42849
34570,Lockhart River,638,623,607,591,584,578,573,555,554,552,520,579,626,671,697,746,727,708,693,673,653,656,672,688
34580,Lockyer Valley,28213,28813,29078,29485,30524,31305,32050,32974,34333,35110,35880,36547,37682,38363,38861,39499,40003,40539,41020,41366,41750,42628,43847,45054
34590,Logan,234351,239515,244076,249161,253905,259116,264410,270628,277372,282189,287474,293974,300545,305147,309342,314511,321102,327769,335955,343821,350673,363059,377724,392339
34710,Longreach,4537,4545,4447,4379,4284,4174,4174,4193,4219,4250,4296,4217,4104,4027,3812,3727,3661,3653,3654,3651,3691,3721,3736,3758
34770,Mackay,89337,91554,93642,96285,99901,103567,106026,108644,111455,113669,115960,117495,118878,118916,118292,117218,117513,118352,119529,121395,123148,124950,126887,128361
34800,McKinlay,1045,1033,993,973,951,922,963,994,1011,1044,1085,1041,992,943,876,816,811,817,822,828,838,846,849,852
34830,Mapoon,205,213,224,232,239,247,254,262,271,276,281,290,293,302,304,318,344,369,393,418,442,454,465,485
34860,Maranoa,12368,12383,12436,12461,12501,12612,12770,12952,13113,13286,13437,13424,13515,13434,13292,12926,12927,12914,12835,12891,12957,13099,13253,13371
34880,Mareeba,18125,18236,18307,18353,18553,18753,19195,19737,20177,20495,20745,20953,21379,21542,21812,22038,22227,22501,22681,23010,23171,23367,23702,24003
35010,Moreton Bay,283062,291543,302027,312887,323085,331713,344545,357499,370447,381357,390051,401188,410687,419764,428994,439292,448559,458013,467314,476622,484353,496772,510063,522494
35250,Mornington,991,999,1046,1054,1067,1082,1119,1120,1158,1184,1220,1218,1206,1202,1202,1197,1171,1151,1127,1093,1060,1065,1079,1087
35300,Mount Isa,20743,20276,19997,19908,20153,20374,20711,21381,21607,21830,22079,21958,21822,21261,20586,19606,19363,19241,19159,19315,19217,19046,18943,18788
35600,Murweh,4936,4892,4848,4803,4774,4692,4665,4668,4699,4714,4731,4737,4685,4639,4527,4386,4279,4263,4211,4106,4009,3960,3966,3992
35670,Napranum,785,799,819,836,856,876,881,890,901,910,908,919,922,939,959,989,973,958,943,923,906,906,924,943
35740,Noosa,43496,44893,46063,47183,47635,48082,48595,49600,50315,50770,51038,51678,52360,52988,53497,53922,54688,55511,56045,56662,56874,57336,58371,59274
35760,North Burnett,10450,10408,10415,10445,10403,10378,10322,10335,10377,10358,10374,10408,10487,10547,10607,10646,10556,10406,10268,10206,10142,10216,10352,10482
35780,Northern Peninsula Area,2055,2058,2069,2074,2070,2063,2168,2234,2273,2391,2463,2547,2620,2741,2836,2945,2935,2923,2904,2891,2885,2889,2907,2928
35790,Palm Island,2269,2249,2202,2155,2103,2070,2162,2265,2333,2430,2538,2539,2529,2527,2550,2581,2465,2369,2274,2205,2180,2193,2213,2287
35800,Paroo,2172,2127,2106,2075,2042,1991,1946,1921,1909,1924,1937,1903,1849,1807,1734,1668,1679,1666,1671,1683,1707,1712,1725,1729
36070,Pormpuraaw,618,622,622,623,623,621,647,662,673,691,715,730,737,747,764,785,774,743,708,672,632,637,644,647
36150,Quilpie,1086,1064,1045,1025,1019,1012,994,992,996,1003,1007,983,944,915,868,825,805,772,742,721,702,703,708,709
36250,Redland,115832,118870,122994,126010,128654,130760,133596,136771,139859,141552,143711,145719,147328,148833,150107,152216,154656,156885,158937,160418,161709,163729,166799,170225
36300,Richmond,1128,1090,1062,1007,975,935,908,895,898,873,847,841,839,838,820,806,791,785,777,769,769,777,781,788
36370,Rockhampton,70480,70909,71499,72420,73185,74204,75195,76272,77448,78193,78939,80555,81745,82136,82026,81322,81322,81406,81842,82352,82882,83596,84508,85334
36510,Scenic Rim,30030,30715,31930,32749,33560,34231,34983,35578,36525,37167,37437,37966,38732,39882,40307,40984,41643,42371,42856,43255,43592,44331,45245,46036
36580,Somerset,17866,18117,18361,18609,19085,19608,19919,20366,21071,21717,22200,22761,23619,24459,24681,25153,25286,25326,25355,25322,25388,25711,26247,26579
36630,South Burnett,27651,27942,28251,28630,29050,29699,30114,30583,31173,31518,31803,32340,32647,32606,32589,32625,32680,32698,32784,32952,33323,33783,34289,34745
36660,Southern Downs,31064,31361,31593,31729,32010,32411,32933,33451,33976,34313,34649,35013,35501,35580,35566,35638,35899,36118,36239,36393,36637,36991,37441,37820
36720,Sunshine Coast,198931,205772,214931,223143,230168,236654,243309,250800,258047,263053,267241,274828,281969,288652,295317,302841,311426,320606,329946,338389,346634,355904,365936,375328
36820,Tablelands,21894,22201,22502,22699,22861,23228,23553,23885,24103,24230,24372,24603,24827,25060,25111,25217,25521,25849,26071,26309,26488,26806,27258,27630
36910,Toowoomba,134955,136619,138528,140827,143791,145992,147927,150140,152525,154222,155473,157884,159916,161523,162775,164168,166901,169319,171566,173562,175255,178387,181805,184377
36950,Torres,3531,3560,3544,3512,3481,3373,3418,3457,3481,3485,3477,3567,3647,3717,3753,3799,3784,3721,3652,3589,3532,3517,3501,3495
36960,Torres Strait Island,4244,4314,4387,4400,4485,4548,4577,4606,4609,4600,4578,4599,4614,4690,4731,4775,4688,4551,4434,4355,4294,4285,4285,4289
37010,Townsville,142012,145115,147964,151172,155330,159482,163509,168503,173067,176528,180114,183612,186519,188777,190011,191348,192475,193105,193687,194679,195457,198134,201413,204541
37300,Weipa,2131,2241,2367,2507,2721,2902,3133,3246,3303,3337,3423,3684,3811,3863,3964,4040,4057,4082,4112,4143,4177,4214,4251,4281
37310,Western Downs,28715,28711,28636,28655,28837,29122,29520,30235,30893,31466,32365,32899,33415,33744,33867,34049,34292,34338,34420,34390,34351,34537,34985,35285
37340,Whitsunday,27396,27996,28491,28977,29606,30255,30759,31337,31838,32140,32416,33397,34113,34362,34509,34538,35083,35651,36266,37105,37642,38509,39713,40744
37400,Winton,1585,1567,1543,1473,1454,1423,1403,1372,1371,1359,1380,1345,1312,1276,1222,1154,1149,1155,1150,1130,1133,1134,1138,1141
37550,Woorabinda,1014,987,966,943,915,886,902,916,934,957,976,984,986,990,989,999,997,999,1005,1020,1040,1059,1081,1098
37570,Wujal Wujal,366,361,356,347,342,336,325,319,311,297,287,287,289,291,287,292,292,290,289,287,284,286,293,301
37600,Yarrabah,2236,2278,2323,2365,2410,2468,2498,2531,2535,2588,2595,2643,2686,2694,2695,2702,2663,2643,2621,2606,2597,2619,2639,2659
40070,Adelaide,13211,13857,14533,15613,16573,17479,18549,19217,19914,20525,20920,21537,22143,22624,23085,23552,24188,24688,25376,25964,25522,26183,27984,29118
40120,Adelaide Hills,38549,38681,38829,38890,39066,39165,39204,39301,39424,39640,39699,39720,39687,39657,39630,39632,39875,40173,40587,40969,41237,41408,41848,42368
40150,Adelaide Plains,7354,7509,7710,7816,8023,8118,8255,8285,8324,8417,8483,8576,8646,8744,8819,8912,9040,9191,9338,9677,9975,10454,10929,11302
40220,Alexandrina,18091,18689,19297,20019,20611,21208,21843,22472,23027,23729,24125,24693,25203,25705,26203,26562,26919,27322,27820,28400,29257,29746,30327,30887
40250,Anangu Pitjantjatjara Yankunytjatjara,2661,2599,2543,2469,2389,2310,2352,2416,2476,2560,2660,2651,2622,2605,2568,2498,2476,2491,2506,2515,2554,2598,2631,2654
40310,Barossa,19418,19619,19920,20370,20751,21096,21357,21641,21889,22257,22525,22853,23138,23468,23829,24200,24466,24815,25050,25325,25565,25866,26271,26590
40430,Barunga West,2585,2600,2596,2596,2590,2590,2587,2575,2560,2535,2496,2488,2495,2521,2542,2592,2600,2594,2624,2631,2675,2672,2680,2672
40520,Berri Barmera,11273,11244,11226,11197,11190,11239,11175,11029,10902,10819,10733,10779,10804,10847,10854,10835,10833,10826,10812,10800,10741,10710,10732,10747
40700,Burnside,42403,42609,42730,42998,43272,43414,43549,43678,43969,44091,44092,44282,44457,44678,44938,45216,45591,45882,46118,46415,46425,46710,47489,47810
40910,Campbelltown (SA),46544,46661,46801,46883,47059,47383,47886,48379,49067,49531,49788,50244,50476,50717,50937,51080,51669,52393,53599,54884,55456,56028,57190,57988
41010,Ceduna,3625,3643,3665,3676,3684,3702,3693,3672,3642,3638,3595,3594,3574,3577,3574,3566,3577,3583,3600,3616,3651,3650,3716,3744
41060,Charles Sturt,102897,102884,102776,102751,102797,103364,103897,104773,106320,107662,108680,110050,111324,112846,114125,114980,116438,118160,120098,122119,123105,124865,127492,129196
41140,Clare and Gilbert Valleys,8347,8378,8335,8320,8328,8370,8448,8537,8622,8759,8871,8963,9068,9138,9204,9244,9261,9300,9336,9379,9363,9381,9405,9417
41190,Cleve,1939,1958,1968,1976,1981,2000,1970,1916,1877,1852,1814,1806,1806,1809,1803,1816,1817,1805,1794,1777,1775,1764,1757,1757
41330,Coober Pedy,2414,2298,2220,2150,2040,1984,1928,1860,1799,1781,1760,1787,1811,1825,1822,1818,1806,1777,1740,1689,1622,1573,1550,1526
41560,Copper Coast,10988,11054,11144,11266,11440,11649,12042,12382,12781,13033,13126,13466,13747,14024,14266,14472,14636,14810,14962,15109,15338,15643,15950,16299
41750,Elliston,1150,1161,1170,1175,1172,1164,1150,1131,1107,1086,1066,1066,1067,1068,1071,1070,1071,1059,1050,1046,1038,1032,1041,1053
41830,Flinders Ranges,1804,1791,1785,1776,1767,1767,1767,1753,1736,1728,1722,1721,1717,1710,1703,1693,1681,1683,1681,1673,1686,1682,1673,1671
41960,Franklin Harbour,1250,1249,1248,1243,1240,1245,1252,1254,1254,1250,1238,1281,1295,1307,1331,1334,1324,1311,1302,1305,1322,1327,1332,1359
42030,Gawler,18235,18459,18593,18746,18966,19241,19851,20270,20755,20939,20987,21274,21656,22275,22707,23355,23729,24055,24465,24770,25300,26114,26790,27182
42110,Goyder,4254,4278,4261,4267,4265,4271,4265,4249,4246,4246,4225,4245,4254,4256,4251,4240,4225,4179,4156,4136,4138,4143,4132,4135
42250,Grant,7359,7436,7512,7546,7585,7613,7643,7729,7818,7917,7954,7946,7993,8144,8282,8417,8483,8567,8672,8763,8862,8926,9044,9140
42600,Holdfast Bay,33490,33447,33653,33730,34007,34371,34817,35375,35650,35940,36120,36215,36282,36354,36425,36537,36696,37002,37413,37724,37857,38056,38790,39308
42750,Kangaroo Island,4227,4312,4303,4355,4392,4396,4427,4451,4477,4501,4522,4576,4630,4694,4761,4836,4849,4886,4909,4925,4999,5088,5125,5167
43080,Karoonda East Murray,1276,1258,1233,1216,1200,1189,1163,1134,1110,1076,1050,1074,1088,1103,1118,1121,1098,1083,1068,1056,1024,1027,1016,1026
43220,Kimba,1229,1209,1200,1183,1160,1147,1135,1122,1113,1108,1105,1109,1103,1097,1089,1083,1079,1072,1063,1056,1053,1059,1059,1064
43360,Kingston (SA),2339,2349,2354,2343,2404,2390,2393,2381,2381,2363,2343,2370,2380,2392,2403,2415,2400,2362,2355,2359,2375,2376,2393,2406
43650,Light,10494,10936,11491,11922,12325,12680,12994,13138,13464,13788,13984,14220,14440,14644,14890,15048,15305,15509,15608,15843,16083,16319,16616,17028
43710,Lower Eyre Peninsula,4200,4269,4281,4345,4408,4537,4619,4712,4809,4911,5013,5186,5300,5426,5540,5661,5731,5812,5875,5947,6058,6097,6153,6237
43790,Loxton Waikerie,12197,12171,12153,12081,12023,11902,11870,11771,11662,11561,11478,11511,11571,11671,11716,11730,11731,11775,11830,11861,11921,11923,11899,11949
44000,Maralinga Tjarutja,136,132,129,123,116,111,98,88,84,80,75,78,74,70,66,62,68,76,85,93,102,102,102,102
44060,Marion,78590,78960,79250,79611,79980,80646,81616,82536,83917,85110,85714,86863,87769,88652,89521,90508,91491,92455,93817,95256,95610,96667,98545,99821
44210,Mid Murray,8376,8357,8337,8307,8253,8216,8195,8199,8210,8200,8225,8312,8448,8599,8718,8845,8987,9090,9182,9268,9355,9415,9498,9593
44340,Mitcham,62010,62304,62801,62966,63265,63676,64017,64252,64678,64875,64999,65364,65644,65986,66232,66482,66855,67366,67690,68175,68162,68370,69579,70484
44550,Mount Barker,23664,24425,25140,25913,26706,27393,27990,28695,29367,29973,30353,31042,31580,32386,33187,33897,34735,35637,36842,38206,39632,41083,42299,43619
44620,Mount Gambier,23750,23863,24096,24211,24495,24626,25004,25222,25402,25712,25773,26147,26425,26710,26931,27061,27114,27242,27379,27565,27637,27744,27846,27888
44830,Mount Remarkable,2998,2956,2937,2900,2899,2906,2918,2915,2906,2903,2906,2902,2913,2918,2927,2920,2908,2897,2898,2910,2920,2911,2897,2873
45040,Murray Bridge,17023,17239,17427,17649,17931,18159,18594,19144,19556,19818,20137,20448,20726,21004,21274,21562,21719,21893,22089,22268,22339,22538,22909,23257
45090,Naracoorte Lucindale,8239,8311,8314,8300,8345,8354,8311,8294,8304,8314,8342,8433,8528,8585,8570,8544,8602,8679,8778,8867,8892,8918,8932,8901
45120,Northern Areas,4765,4761,4770,4751,4755,4760,4755,4717,4660,4603,4568,4590,4595,4610,4616,4623,4607,4596,4611,4622,4659,4662,4667,4667
45290,Norwood Payneham and St Peters,33546,33915,34125,34389,34621,34967,35315,35594,35868,36190,36291,36343,36347,36361,36369,36396,36678,36996,37477,37958,37823,38019,39352,40062
45340,Onkaparinga,150119,150642,150926,151155,151906,153244,154841,156775,159268,161579,163392,165034,166244,167376,168433,169372,170482,171631,173141,174948,176595,178526,180883,182821
45400,Orroroo Carrieton,1013,1010,1009,994,970,959,958,938,915,893,884,894,895,900,911,912,898,895,898,893,891,890,889,890
45540,Peterborough,2014,2009,2010,1994,1963,1946,1925,1887,1838,1792,1758,1740,1728,1717,1706,1712,1723,1705,1696,1681,1668,1672,1683,1682
45680,Playford,68247,68767,69311,69752,70488,71385,72682,74514,76574,78623,80684,83022,85232,87380,88980,90553,92534,94352,96220,98458,100556,103401,107073,111135
45890,Port Adelaide Enfield,101371,102167,103051,103526,104370,105579,107820,110157,112299,114488,116492,118185,119876,121422,122766,124007,125690,127684,130293,132967,134131,135822,138656,141042
46090,Port Augusta,13700,13701,13998,14059,14108,14251,14300,14348,14404,14438,14413,14454,14496,14498,14442,14359,14361,14380,14384,14389,14448,14449,14422,14453
46300,Port Lincoln,13842,13896,13992,13993,14012,14060,14144,14256,14364,14432,14462,14495,14531,14595,14585,14523,14595,14652,14733,14773,14879,14953,15019,15037
46450,Port Pirie,17568,17608,17536,17515,17511,17551,17610,17619,17650,17680,17627,17714,17793,17870,17826,17767,17749,17726,17736,17742,17747,17616,17602,17637
46510,Prospect,19106,19304,19472,19594,19714,19959,20219,20447,20634,20722,20690,20842,20959,21050,21096,21124,21272,21460,21841,22234,22487,22750,23154,23309
46670,Renmark Paringa,9793,9832,9674,9635,9678,9689,9657,9625,9567,9519,9429,9518,9588,9656,9722,9780,9866,9897,9954,9988,10007,10036,10110,10173
46860,Robe,1379,1385,1386,1376,1395,1386,1401,1408,1423,1431,1431,1427,1425,1425,1423,1413,1435,1471,1490,1526,1568,1588,1602,1611
46970,Roxby Downs,3618,3801,3930,3969,4014,4186,4370,4566,4670,4735,4826,4728,4609,4418,4327,4052,4048,4100,4103,4137,4109,4103,4114,4089
47140,Salisbury,113849,114841,116172,117595,119469,121288,123789,126281,128854,131227,132880,134381,135880,137257,138695,140346,142061,143765,145467,147359,147521,147940,149268,150272
47290,Southern Mallee,2300,2262,2229,2210,2197,2187,2176,2165,2155,2137,2123,2107,2088,2073,2058,2063,2055,2051,2047,2040,2026,2010,2013,2012
47490,Streaky Bay,1981,1997,2002,2015,2031,2067,2100,2126,2140,2157,2175,2170,2194,2180,2164,2168,2173,2183,2196,2219,2241,2257,2277,2278
47630,Tatiara,7032,7067,7115,7100,7070,7037,6974,6891,6841,6815,6740,6774,6789,6811,6821,6817,6832,6894,6966,7016,7070,7037,7067,7071
47700,Tea Tree Gully,99121,99116,99126,98713,98422,98456,98458,98504,98640,98624,98315,98547,98558,98726,98983,99153,99567,100132,100837,101613,102044,102610,103706,104437
47800,Coorong,5893,5915,5880,5877,5837,5838,5809,5749,5708,5667,5657,5632,5602,5572,5545,5525,5525,5531,5542,5565,5599,5574,5612,5614
47910,Tumby Bay,2580,2586,2592,2595,2606,2609,2610,2612,2618,2618,2616,2626,2640,2651,2670,2675,2708,2731,2770,2832,2875,2892,2906,2948
47980,Unley,36405,36491,36668,36658,36805,37211,37512,37821,38113,38331,38374,38514,38552,38695,38823,38939,39078,39187,39322,39465,39061,39092,39969,40327
48050,Victor Harbor,11062,11374,11664,11953,12180,12303,12694,13144,13508,13866,14176,14377,14525,14729,14886,15011,15204,15419,15708,16068,16429,16721,16872,17124
48130,Wakefield,6576,6586,6552,6536,6533,6533,6559,6585,6628,6692,6741,6778,6841,6896,6932,6950,6976,6891,6921,6867,6925,6969,6958,6985
48260,Walkerville,6995,7023,7061,7101,7118,7179,7199,7223,7259,7290,7308,7367,7399,7447,7732,7781,7876,7975,8054,8156,8086,8185,8429,8562
48340,Wattle Range,12234,12287,12242,12220,12250,12224,12160,12144,12055,11990,11792,11880,11935,11982,12010,12022,12034,12046,12043,12058,12127,12178,12257,12319
48410,West Torrens,52056,52338,52564,52829,53069,53692,54508,55095,55896,56611,57026,57632,58153,58627,59075,59408,59809,60542,61562,62573,62425,63115,64573,65738
48540,Whyalla,22049,22009,21970,21947,21890,21989,22165,22275,22375,22497,22561,22617,22659,22703,22670,22511,22254,22102,22073,22036,21954,21887,21904,21864
48640,Wudinna,1449,1438,1417,1391,1363,1346,1321,1305,1295,1291,1280,1271,1272,1276,1279,1279,1261,1231,1205,1185,1163,1162,1161,1168
48750,Yankalilla,3832,3914,3959,4048,4151,4245,4331,4396,4442,4448,4451,4586,4759,4925,5095,5276,5398,5519,5617,5736,5931,5991,6100,6186
48830,Yorke Peninsula,11466,11492,11519,11498,11530,11474,11409,11360,11315,11252,11198,11231,11241,11254,11267,11291,11375,11475,11581,11681,11830,11916,12039,12150
49399,Unincorporated SA,5911,4878,4516,4303,4080,3858,4024,4190,4327,4456,4556,4377,4199,4027,3849,3639,3476,3418,3340,3229,3100,3024,3014,3010
50080,Albany,31362,31713,32020,32237,32726,33171,33310,33704,34164,34518,34873,35643,36318,36919,37206,37285,37879,38470,39054,39629,40105,40434,40963,41545
50210,Armadale,52391,52204,52049,52041,51795,52299,53735,55809,58508,61858,65395,69101,72662,75559,78848,82021,84875,88068,91543,94970,97644,100849,105158,109218
50250,Ashburton,5969,6138,6467,6925,7263,7608,7939,8480,9004,9510,10227,11194,12025,12515,13002,13311,12208,11144,10018,8927,7781,7843,8082,8179
50280,Augusta Margaret River,10228,10346,10639,10791,10936,11052,11195,11522,11766,11951,12228,12870,13487,13996,14419,14819,15258,15708,16235,16792,17303,17917,18633,19410
50350,Bassendean,14055,14165,14030,13996,13943,13896,14099,14358,14626,14897,15179,15527,15828,16003,15842,15613,15721,15895,16089,16326,16500,16612,16923,17145
50420,Bayswater,58446,58432,58494,58505,58344,59632,60911,62617,64192,65369,66840,68143,69083,69256,69136,68791,69043,69267,70051,71277,71774,72242,74359,75981
50490,Belmont,29919,30273,30358,30749,30966,31560,32742,33970,35204,36101,37358,38791,39919,40531,41055,41448,41683,41872,42719,43614,43868,44364,46035,47377
50560,Beverley,1579,1586,1618,1625,1631,1646,1649,1634,1643,1619,1604,1653,1692,1707,1732,1748,1740,1741,1746,1738,1735,1738,1768,1795
50630,Boddington,1437,1408,1373,1382,1434,1427,1576,1747,1910,2138,2247,2252,2225,2132,2031,1882,1846,1819,1784,1751,1760,1758,1786,1808
50770,Boyup Brook,1649,1654,1622,1578,1572,1563,1564,1570,1591,1592,1617,1656,1667,1687,1681,1722,1737,1784,1808,1833,1874,1938,1948,1959
50840,Bridgetown-Greenbushes,4205,4262,4175,4073,4134,4134,4149,4199,4286,4337,4421,4546,4647,4687,4727,4697,4815,4938,5063,5188,5376,5527,5671,5797
50910,Brookton,1048,1034,1040,1028,1038,1037,1022,1014,1007,995,969,992,998,1018,1010,1002,988,969,959,970,961,954,955,962
50980,Broome,13249,13606,13837,14045,14219,14326,14577,14924,15172,15416,15737,16389,17185,17100,17060,16959,17216,17432,17652,17976,18204,18368,18623,18870
51080,Broomehill-Tambellup,1260,1245,1237,1222,1204,1208,1183,1175,1198,1177,1178,1185,1194,1191,1180,1164,1153,1133,1112,1098,1089,1087,1095,1101
51120,Bruce Rock,1132,1100,1097,1055,1040,1004,978,982,988,991,1002,988,988,966,955,941,953,964,982,1000,1016,1020,1044,1066
51190,Bunbury,30616,30483,30382,30611,31035,31450,31152,31473,31993,32257,32580,32826,32951,32941,32872,32574,32758,32897,33267,33769,34137,34417,34788,35174
51260,Busselton,23192,23843,24265,24581,25996,26711,27197,28393,29596,30664,31523,33211,34696,35917,36940,37766,38619,39305,40187,41059,42009,42931,43984,45003
51310,Cambridge,24433,24534,24594,24480,24638,24939,25236,25646,26018,26244,26652,27244,27856,27940,27988,27991,28474,28764,29167,29743,29822,30160,31184,32006
51330,Canning,77474,78496,79186,79843,80261,80933,83123,85135,87242,88746,90736,92197,93491,93843,93959,93733,94403,95171,96447,98643,99306,99764,103868,106944
51400,Capel,7136,7562,8005,8902,9733,10666,11330,12256,13274,14192,15059,15759,16483,16934,17250,17375,17696,18001,18205,18492,18776,19012,19341,19701
51470,Carnamah,807,791,797,790,791,792,743,703,641,604,554,561,566,566,568,564,564,555,554,555,573,572,579,586
51540,Carnarvon,6751,6689,6571,6304,6160,6051,5943,5967,5972,5997,6076,6057,6034,5951,5844,5713,5652,5574,5497,5491,5520,5522,5531,5599
51610,Chapman Valley,880,874,891,914,924,943,989,1086,1141,1160,1198,1293,1349,1379,1413,1441,1462,1485,1523,1568,1613,1636,1663,1698
51680,Chittering,2948,3060,3138,3328,3541,3669,3818,3968,4209,4394,4533,4798,5112,5361,5500,5536,5602,5705,5846,5952,6099,6298,6516,6753
51710,Christmas Island,1442,1365,1337,1355,1380,1403,1569,1745,1944,2115,2167,2107,2041,1979,1929,1903,1876,1848,1803,1758,1717,1786,1827,1865
51750,Claremont,9166,9220,9247,9267,9349,9393,9463,9571,9716,9783,9924,9999,10220,10357,10515,10632,10693,10858,11055,11501,11643,11735,12200,12671
51820,Cockburn,69359,70968,72207,73929,75741,77832,81453,84909,88935,91628,95036,99157,102787,104906,106802,108302,110451,112928,115577,119032,122212,125232,130378,135149
51860,Cocos Islands,600,568,558,573,588,590,575,568,565,565,561,546,547,556,555,546,552,553,591,608,603,616,629,625
51890,Collie,9109,9173,9206,9107,9076,9012,8972,8997,9122,9218,9343,9426,9464,9369,9132,8856,8882,8918,8939,8956,9086,9153,9298,9408
51960,Coolgardie,4284,4240,4221,4052,4023,4005,3977,4011,4047,4080,4138,4142,4196,4046,3904,3695,3669,3591,3542,3546,3638,3638,3688,3779
52030,Coorow,1381,1378,1389,1366,1301,1259,1189,1157,1146,1126,1091,1098,1099,1086,1077,1058,1065,1059,1066,1076,1091,1092,1109,1125
52100,Corrigin,1302,1292,1264,1217,1204,1200,1176,1165,1146,1126,1104,1124,1147,1161,1168,1193,1153,1102,1067,1044,1028,1023,1029,1039
52170,Cottesloe,7428,7487,7523,7595,7581,7652,7733,7884,8059,8106,8236,8328,8409,8370,8267,8109,8144,8170,8225,8345,8245,8322,8713,8967
52240,Cranbrook,1072,1084,1102,1115,1125,1132,1111,1094,1113,1089,1110,1119,1129,1131,1119,1107,1110,1110,1115,1122,1134,1141,1149,1152
52310,Cuballing,725,727,754,769,804,817,830,836,851,873,891,896,901,902,900,882,893,888,890,906,927,929,951,955
52380,Cue,396,396,376,373,352,342,320,307,303,287,279,276,272,251,226,199,194,181,194,207,228,230,231,229
52450,Cunderdin,1457,1426,1406,1344,1322,1317,1295,1295,1297,1322,1347,1373,1392,1411,1433,1469,1444,1413,1384,1358,1341,1345,1324,1316
52520,Dalwallinu,1889,1814,1705,1588,1520,1441,1363,1340,1330,1333,1303,1342,1375,1405,1435,1454,1441,1439,1428,1426,1436,1429,1446,1466
52590,Dandaragan,2952,2946,2949,2967,2964,3018,3052,3104,3203,3268,3292,3341,3308,3330,3298,3262,3302,3294,3327,3395,3473,3577,3752,3921
52660,Dardanup,8991,9220,9415,9640,10219,10837,11147,11648,12144,12531,12852,13387,13824,14036,14190,14241,14413,14503,14706,14931,15197,15376,15690,15930
52730,Denmark,4734,4790,4837,4796,4798,4797,4858,4987,5153,5248,5373,5593,5804,5872,5957,6018,6133,6165,6235,6398,6468,6539,6619,6707
52800,Derby-West Kimberley,8501,8422,7801,7821,7882,8095,8267,8521,8698,8826,8966,9336,9491,8864,8570,8364,8290,8340,8321,8362,8414,8410,8437,8536
52870,Donnybrook-Balingup,4710,4691,4660,4680,4731,4951,4981,5095,5245,5349,5462,5628,5803,5903,5949,5956,6015,6072,6131,6205,6312,6401,6440,6584
52940,Dowerin,840,806,771,760,746,736,709,718,725,698,700,703,707,706,706,699,711,708,714,726,733,733,738,740
53010,Dumbleyung,753,738,716,702,691,677,651,649,637,626,626,641,653,653,663,684,684,688,691,699,698,693,701,708
53080,Dundas,1262,1240,1223,1182,1155,1127,1119,1149,1162,1160,1184,1134,1069,979,894,788,759,728,706,698,699,695,701,723
53150,East Fremantle,6787,6907,6971,6984,6985,7074,7098,7154,7244,7270,7443,7602,7740,7769,7731,7680,7799,7869,7933,8035,8064,8071,8229,8361
53220,East Pilbara,5650,5909,6171,6563,6998,7667,8510,9651,10753,11522,12257,12519,12570,12149,11529,10953,10888,10754,10637,10533,10378,10311,10407,10403
53290,Esperance,13369,13443,13569,13669,13694,13644,13585,13603,13721,13799,13879,14182,14422,14624,14734,14527,14450,14342,14329,14325,14396,14501,14551,14558
53360,Exmouth,2315,2277,2282,2266,2233,2205,2217,2255,2317,2364,2458,2569,2655,2717,2749,2788,2871,2949,3036,3151,3202,3315,3468,3566
53430,Fremantle,25769,26099,26100,26101,26108,26124,26648,27148,27607,27957,28651,29562,30156,30361,30405,30310,30842,31287,31782,32439,33112,33788,35195,36349
53570,Gingin,4274,4381,4461,4504,4534,4577,4574,4646,4768,4786,4822,4994,5267,5356,5351,5325,5349,5384,5470,5611,5751,5896,6070,6348
53640,Gnowangerup,1585,1554,1523,1478,1456,1432,1395,1371,1358,1333,1307,1302,1294,1275,1255,1237,1237,1245,1241,1250,1260,1264,1270,1271
53710,Goomalling,970,967,965,967,961,973,970,981,1005,1019,1017,1030,1038,1044,1050,1045,1033,1018,1006,997,983,984,987,992
53780,Gosnells,83662,85337,87585,90120,92600,94958,98035,101907,105782,109250,112435,116208,119381,120756,121720,122011,123703,125087,127017,129685,131366,133064,137493,141279
53800,Greater Geraldton,34019,34288,34348,34454,35021,35736,35812,36731,37512,37860,38340,39084,39838,40114,39958,39567,39692,39976,40173,40641,41182,41515,41930,42322
53920,Halls Creek,3766,3796,3793,3748,3747,3762,3794,3845,3867,3874,3893,3850,3810,3734,3656,3593,3619,3714,3783,3932,4038,4113,4136,4213
53990,Harvey,18526,18450,18351,18754,19565,20450,20913,21819,22624,23230,23878,24839,25657,26186,26656,26890,27358,28086,28540,29076,29625,30165,30802,31495
54060,Irwin,3071,2976,2943,2957,3143,3218,3281,3403,3509,3569,3672,3738,3749,3702,3662,3604,3636,3627,3670,3730,3769,3795,3842,3864
54130,Jerramungup,1249,1247,1237,1231,1248,1186,1148,1121,1107,1101,1091,1102,1112,1120,1127,1127,1123,1132,1146,1162,1196,1196,1214,1217
54170,Joondalup,156410,156820,157067,157218,156453,156570,157225,158175,159156,160053,162205,163581,164414,163894,162904,160918,161057,161479,162308,164044,165050,165649,169788,173469
54200,Kalamunda,48743,49063,49419,49909,51052,51423,52560,53540,54487,55572,56492,57669,58622,59113,59298,59201,59337,59442,59750,60337,60804,61294,62705,63827
54280,Kalgoorlie-Boulder,29771,29737,30052,29939,29855,30086,30250,30910,31474,31750,32208,32849,33267,32498,31748,30840,30908,30750,30636,30590,30670,30756,30795,30991
54310,Karratha,15118,15987,16998,17912,18864,20054,20587,21230,21996,22628,23634,24042,24432,23985,23103,22211,22288,22509,22844,23245,23412,23809,24252,24716
54340,Katanning,4501,4492,4460,4412,4404,4404,4366,4315,4293,4285,4290,4368,4403,4389,4308,4200,4180,4162,4161,4205,4227,4237,4292,4294
54410,Kellerberrin,1221,1211,1212,1206,1215,1230,1213,1200,1209,1207,1211,1236,1251,1251,1249,1242,1220,1202,1191,1180,1177,1180,1166,1159
54480,Kent,641,618,629,626,596,599,583,568,560,529,529,540,547,556,559,568,554,538,523,511,506,510,524,526
54550,Kojonup,2308,2291,2300,2288,2260,2272,2181,2134,2069,2034,2030,2042,2044,2029,2027,2010,2013,2009,1979,1964,1963,1976,1969,1965
54620,Kondinin,1033,1030,1023,1013,1012,1019,1013,1025,1043,1060,1068,1033,985,918,929,894,881,872,869,876,872,866,858,862
54690,Koorda,490,488,491,488,477,470,454,447,448,450,448,447,446,440,437,428,416,400,391,382,373,374,371,373
54760,Kulin,910,906,910,906,912,922,882,865,855,854,855,849,831,804,787,783,779,781,781,792,789,783,794,800
54830,Kwinana,21807,22045,22403,22593,23053,23986,24960,26482,28047,29132,30697,32688,34707,36444,38153,40058,41672,43172,44700,46243,47660,49542,52139,54672
54900,Lake Grace,1615,1597,1582,1563,1548,1530,1467,1428,1415,1407,1405,1399,1374,1329,1306,1300,1296,1290,1289,1305,1299,1290,1303,1319
54970,Laverton,1207,1117,1033,953,869,783,848,977,1072,1177,1288,1410,1428,1367,1299,1222,1262,1302,1331,1377,1432,1434,1440,1444
55040,Leonora,2007,1914,1855,1722,1599,1501,1723,1892,2136,2452,2628,2566,2419,2122,1812,1491,1536,1585,1610,1661,1716,1723,1733,1737
55110,Mandurah,48996,49601,51860,54581,56719,58811,61355,64940,68218,69969,73440,76562,79292,80927,82202,83322,84912,86708,88698,91112,93412,95622,99322,102922
55180,Manjimup,10351,10237,10074,9953,9879,9718,9625,9606,9623,9564,9463,9480,9482,9448,9402,9341,9302,9253,9258,9317,9351,9412,9442,9523
55250,Meekatharra,1458,1413,1374,1354,1285,1225,1242,1270,1321,1359,1424,1437,1426,1335,1224,1110,1118,1128,1167,1213,1287,1295,1296,1286
55320,Melville,97202,97184,97002,96776,96699,96778,97911,98607,99882,100764,102135,103569,104319,104073,103522,102342,102569,103153,104340,106124,106823,107433,110541,113404
55390,Menzies,350,336,309,282,260,237,269,308,351,378,402,450,486,499,510,518,523,534,541,553,569,571,575,577
55460,Merredin,3783,3715,3656,3496,3442,3408,3352,3348,3348,3354,3374,3395,3379,3380,3385,3395,3385,3349,3286,3254,3221,3235,3270,3335
55530,Mingenew,586,585,583,558,521,504,495,483,476,477,489,488,487,482,474,465,450,434,430,421,423,423,417,421
55600,Moora,2705,2697,2683,2626,2593,2531,2487,2503,2537,2534,2556,2548,2527,2504,2505,2477,2447,2409,2374,2380,2382,2378,2395,2432
55670,Morawa,989,971,957,924,886,860,854,867,879,886,911,892,872,835,800,765,733,701,680,668,669,669,679,686
55740,Mosman Park,8358,8476,8590,8675,8762,8760,8845,8971,9082,9164,9199,9196,9217,9202,9188,9167,9199,9224,9332,9394,9478,9621,10052,10281
55810,Mount Magnet,854,845,831,775,744,734,681,665,669,653,666,669,661,615,563,507,542,560,599,643,699,701,701,696
55880,Mount Marshall,676,669,670,672,656,650,616,594,581,530,493,507,523,528,531,533,520,504,494,479,467,463,461,466
55950,Mukinbudin,705,697,689,664,643,601,567,558,537,509,502,528,545,549,551,553,558,563,575,580,593,587,600,603
56090,Mundaring,35415,35660,35820,35900,36195,36326,36569,36914,37466,37883,38364,39064,39644,39651,39563,39217,39161,39494,39877,40360,40539,40517,41436,42327
56160,Murchison,161,157,150,140,129,118,112,110,112,114,119,133,146,150,155,158,152,140,129,117,108,108,106,105
56230,Murray,10899,11211,11611,11904,12266,12522,12819,13477,14144,14586,14773,15475,16087,16542,16909,17126,17371,17648,17950,18274,18639,19116,19829,20563
56300,Nannup,1223,1235,1237,1247,1271,1282,1277,1291,1296,1301,1304,1326,1343,1350,1352,1339,1398,1440,1487,1547,1575,1593,1632,1675
56370,Narembeen,963,964,977,960,952,945,890,856,846,836,839,836,826,818,820,815,822,826,831,829,820,822,833,848
56460,Narrogin,5541,5544,5550,5403,5363,5331,5287,5281,5282,5246,5260,5306,5324,5339,5333,5235,5204,5058,5019,4987,4937,4959,4985,5029
56580,Nedlands,21564,21630,21634,21557,21459,21394,21435,21622,21707,21694,21965,22423,22665,22686,22435,22108,22391,22564,22745,23075,22924,23018,24187,25104
56620,Ngaanyatjarraku,1562,1533,1506,1493,1477,1466,1483,1498,1494,1508,1508,1591,1689,1705,1713,1708,1649,1598,1538,1502,1476,1478,1479,1482
56730,Northam,10284,10302,10267,10157,10270,10280,10256,10400,10553,10670,10830,11169,11472,11570,11420,11238,11372,11475,11483,11594,11804,11938,12197,12416
56790,Northampton,3347,3358,3355,3369,3345,3334,3322,3318,3309,3298,3281,3371,3432,3389,3357,3335,3305,3277,3263,3279,3332,3343,3371,3382
56860,Nungarin,276,273,269,266,258,255,252,247,238,234,236,246,254,256,259,259,257,257,261,261,263,261,256,258
56930,Peppermint Grove,1653,1651,1656,1672,1692,1691,1653,1630,1633,1627,1629,1688,1694,1707,1709,1708,1692,1675,1661,1661,1638,1638,1739,1782
57000,Perenjori,615,593,584,583,574,561,607,680,773,852,930,880,830,762,696,630,634,629,629,632,652,652,649,659
57080,Perth,10510,11245,11729,12730,13939,15232,16407,17905,19898,20764,21416,23066,24317,25257,26096,26879,27112,27433,28214,29588,29653,30580,32997,34624
57140,Pingelly,1217,1214,1215,1208,1217,1220,1207,1206,1209,1215,1209,1206,1205,1187,1202,1183,1154,1121,1100,1086,1072,1068,1084,1091
57210,Plantagenet,4707,4658,4622,4605,4643,4694,4762,4863,4974,4978,5032,5118,5172,5151,5130,5103,5188,5307,5358,5410,5534,5587,5669,5734
57280,Port Hedland,12881,13201,13555,13692,13880,14084,14129,14309,14825,15252,15659,15851,15951,15648,15387,15064,14989,15208,15585,16115,16666,17031,17256,17448
57350,Quairading,1140,1137,1130,1084,1068,1071,1070,1078,1080,1074,1073,1072,1066,1066,1060,1038,1017,1004,997,984,981,983,973,967
57420,Ravensthorpe,1510,1543,1562,1589,1733,2045,2110,2220,2171,2158,2187,2154,2118,2036,1906,1764,1819,1845,1914,2023,2157,2202,2278,2280
57490,Rockingham,74185,75802,77718,80168,82936,87033,92235,96506,100639,104922,109415,114412,119300,123038,126012,128992,130672,132911,135440,137931,140584,143754,148911,154132
57630,Sandstone,134,134,132,133,126,126,123,117,113,110,109,111,112,106,100,93,93,97,102,109,117,119,116,115
57700,Serpentine-Jarrahdale,11733,11931,12200,12438,12913,13246,14055,15224,16487,17201,18495,20368,22011,23592,25499,27578,29002,30159,31410,32437,33349,34795,36754,38631
57770,Shark Bay,926,925,921,923,909,906,891,886,883,883,887,914,936,948,965,963,962,986,1000,1041,1069,1082,1130,1164
57840,South Perth,37606,38357,38944,39481,40025,40517,41233,42135,42925,42987,43618,44099,44348,44251,44096,43879,43886,43989,44538,45072,44952,45201,46777,47909
57910,Stirling,176209,177345,178865,180470,181976,183957,189261,194607,200137,203918,209043,214240,218043,219372,220152,220073,221986,224316,227540,232404,234322,236262,244155,249872
57980,Subiaco,12948,13137,13431,13927,14267,14464,14799,15147,15570,15710,15873,16159,16466,16700,16927,17018,17231,17320,17602,17941,17902,18008,18913,19452
58050,Swan,83797,86092,88350,90385,92342,95206,99153,103027,106847,109618,112802,118335,123643,128032,132127,136679,140449,144202,148672,153844,158689,163948,171697,179207
58190,Tammin,443,439,439,426,420,417,416,417,422,418,415,414,415,414,412,407,408,407,402,399,401,403,404,401
58260,Three Springs,754,741,740,735,711,693,672,671,663,646,633,637,638,627,619,608,615,601,589,582,586,587,593,600
58330,Toodyay,4084,4142,4147,4198,4277,4330,4360,4404,4450,4493,4529,4612,4682,4620,4535,4461,4513,4520,4570,4611,4709,4814,4954,5081
58400,Trayning,394,395,403,410,408,410,395,385,370,359,355,362,366,364,358,354,344,335,330,317,307,304,303,306
58470,Upper Gascoyne,356,356,348,339,332,307,296,272,262,263,253,260,270,275,278,282,255,234,219,201,180,188,201,201
58510,Victoria Park,27751,27970,28216,28446,28761,29162,30264,31537,32751,33603,34718,35599,36260,36570,36714,36647,36578,36741,37348,38260,38296,38756,40858,42352
58540,Victoria Plains,974,973,979,971,962,946,935,936,940,931,926,934,932,934,931,924,914,894,864,847,832,824,824,834
58570,Vincent,27071,27450,28026,28290,28782,29261,30279,31155,32000,32748,33857,34733,35442,35631,35663,35674,35856,36282,36892,37717,37833,38504,40193,41479
58610,Wagin,1879,1895,1921,1916,1925,1943,1932,1916,1910,1908,1901,1924,1925,1921,1915,1884,1855,1828,1790,1781,1802,1809,1816,1825
58680,Wandering,333,350,367,365,370,373,386,396,417,438,453,459,451,453,457,458,464,478,496,520,551,548,545,547
58760,Wanneroo,84323,88442,93822,100185,107053,114943,125837,135840,145855,152746,160281,168832,176627,182385,188278,194779,199194,203526,208263,212823,216422,221257,229602,237628
58820,Waroona,3538,3506,3483,3521,3576,3614,3591,3626,3660,3687,3720,3820,3931,4057,4133,4162,4167,4195,4254,4314,4355,4401,4457,4537
58890,West Arthur,910,911,910,891,887,885,882,881,883,888,901,893,884,869,855,824,806,799,783,786,795,797,787,789
59030,Westonia,249,241,237,236,230,226,235,248,265,278,282,293,302,305,306,306,301,285,278,268,255,252,244,246
59100,Wickepin,747,749,753,752,755,762,753,754,759,761,767,771,764,744,737,740,732,725,714,719,712,706,701,710
59170,Williams,959,955,953,932,919,908,912,919,929,935,940,967,977,993,1005,1000,1026,1033,1025,1035,1050,1053,1060,1063
59250,Wiluna,902,876,851,812,768,735,808,894,1009,1095,1198,1175,1131,1020,894,767,706,657,611,587,570,572,568,563
59310,Wongan-Ballidu,1599,1563,1547,1511,1490,1461,1433,1429,1439,1455,1478,1483,1474,1433,1393,1354,1356,1331,1327,1341,1336,1340,1336,1343
59320,Woodanilling,396,400,400,404,404,415,417,424,430,427,427,435,430,429,423,415,433,443,453,461,469,470,479,490
59330,Wyalkatchem,678,680,659,652,630,592,560,546,531,526,542,539,541,535,533,522,515,501,492,492,484,485,491,492
59340,Wyndham-East Kimberley,7240,7406,7595,7716,7789,7879,7866,7967,8066,8111,8195,8228,8243,8020,7780,7478,7508,7561,7741,7904,8050,8064,8214,8315
59350,Yalgoo,326,316,306,293,274,263,288,317,351,377,417,425,426,405,378,350,358,361,361,358,364,365,357,353
59360,Yilgarn,1832,1778,1754,1683,1580,1477,1535,1580,1602,1634,1675,1612,1539,1426,1314,1213,1209,1204,1206,1208,1205,1198,1199,1212
59370,York,3246,3217,3227,3219,3220,3244,3273,3320,3360,3410,3462,3547,3619,3609,3599,3605,3591,3573,3551,3567,3553,3567,3602,3649
60210,Break O`Day,5839,5884,5978,6084,6191,6274,6308,6352,6401,6446,6469,6413,6353,6312,6254,6198,6264,6381,6516,6659,6933,7010,7079,7163
60410,Brighton,12857,12947,13141,13556,13946,14236,14508,14832,15192,15562,15685,15902,16046,16221,16448,16669,17060,17501,17995,18501,19261,19688,20012,20284
60610,Burnie,19077,19090,19305,19485,19547,19748,19812,19887,20005,20073,20164,19981,19755,19565,19408,19228,19354,19601,19899,20171,20408,20470,20479,20417
60810,Central Coast (Tas.),21242,21119,21213,21275,21174,21428,21640,21942,22179,22291,22332,22245,22122,21989,21847,21736,22002,22284,22532,22894,23258,23342,23341,23350
61010,Central Highlands (Tas.),2339,2330,2372,2321,2345,2327,2338,2348,2357,2353,2357,2321,2278,2239,2203,2169,2222,2296,2377,2473,2579,2586,2596,2588
61210,Circular Head,8128,8105,8219,8254,8286,8243,8291,8343,8374,8368,8361,8310,8249,8204,8142,8104,8107,8118,8140,8207,8325,8368,8360,8315
61410,Clarence,49370,49289,49509,49766,50014,50344,50630,51107,51765,52396,52825,53214,53685,54219,54829,55465,56636,58064,59447,60771,62336,63084,63720,63973
61510,Derwent Valley,9372,9346,9400,9421,9540,9636,9705,9798,9861,9895,9946,9945,9977,10013,10048,10087,10233,10481,10729,10926,11106,11235,11347,11436
61610,Devonport,24502,24347,24653,24940,25050,24901,25024,25336,25658,25712,25752,25562,25407,25295,25162,25128,25405,25852,26262,26566,26896,26935,26998,27030
61810,Dorset,7413,7367,7327,7292,7272,7244,7227,7203,7202,7177,7158,7090,7010,6920,6816,6724,6736,6739,6779,6863,6983,7022,7006,7013
62010,Flinders (Tas.),896,889,887,891,897,896,881,867,849,839,809,827,845,871,900,939,939,952,951,937,938,931,933,941
62210,George Town,6557,6603,6713,6760,6755,6755,6762,6779,6829,6872,6857,6831,6838,6854,6857,6873,6914,6958,7020,7186,7206,7267,7335,7378
62410,Glamorgan-Spring Bay,4029,4027,4105,4217,4347,4371,4412,4458,4463,4449,4419,4422,4425,4430,4433,4451,4538,4653,4791,4972,5113,5188,5240,5283
62610,Glenorchy,43805,43729,44038,44119,43850,43844,44179,44542,44947,45244,45402,45555,45745,46044,46307,46722,47921,49082,50068,50652,51159,51012,50868,50743
62810,Hobart,47232,47409,48036,48535,48890,48989,49203,49491,49917,50291,50482,50593,50839,51232,51591,52018,53231,54286,55482,56208,55947,56018,56107,55977
63010,Huon Valley,13987,14051,14071,14272,14394,14530,14814,15083,15392,15680,15905,16006,16111,16243,16361,16563,16937,17380,17818,18289,18797,19215,19470,19742
63210,Kentish,5555,5560,5641,5743,5861,5965,6031,6143,6301,6364,6369,6351,6334,6317,6286,6263,6314,6386,6461,6583,6775,6805,6835,6859
63410,King Island,1741,1730,1741,1720,1715,1716,1704,1690,1672,1656,1637,1624,1619,1611,1599,1594,1600,1616,1633,1639,1652,1675,1649,1660
63610,Kingborough,29285,29433,30050,30571,31020,31404,31938,32656,33431,34124,34693,35021,35351,35723,36140,36544,37485,38484,39378,40052,40769,40937,41219,41574
63810,Latrobe (Tas.),8324,8391,8516,8677,8759,8973,9162,9402,9694,10063,10275,10343,10433,10569,10723,10927,11240,11550,11922,12301,12697,12921,13070,13158
64010,Launceston,62966,63113,63695,64264,64715,64802,65311,65936,66452,66864,67154,66942,66722,66576,66492,66518,67537,68716,69888,71019,71788,71889,71877,71616
64210,Meander Valley,18248,18348,18558,18803,18889,19052,19190,19342,19477,19588,19622,19581,19540,19519,19502,19553,19802,20037,20286,20603,21139,21354,21465,21579
64610,Northern Midlands,12047,12109,12209,12324,12422,12561,12568,12593,12638,12675,12729,12739,12765,12819,12873,12972,13132,13362,13492,13661,14022,14137,14289,14428
64810,Sorell,10955,11031,11181,11408,11738,12049,12294,12624,12934,13170,13346,13515,13736,13981,14200,14482,14929,15433,15952,16471,16963,17429,17649,17919
65010,Southern Midlands,5788,5809,5834,5867,5850,5864,5914,6009,6141,6246,6265,6244,6183,6139,6096,6083,6129,6257,6465,6639,6834,6887,6915,6973
65210,Tasman,2282,2282,2238,2273,2279,2326,2332,2352,2400,2432,2443,2436,2356,2389,2391,2389,2405,2443,2486,2560,2643,2676,2687,2722
65410,Waratah-Wynyard,13765,13726,13693,13794,13757,13895,14002,14180,14295,14312,14304,14163,14083,14014,13903,13813,13884,14033,14178,14341,14629,14688,14774,14905
65610,West Coast,5572,5459,5342,5292,5245,5229,5157,5151,5107,5058,4890,4750,4573,4392,4299,4210,4206,4255,4292,4311,4366,4351,4361,4339
65810,West Tamar,20495,20629,20869,21254,21454,21700,21925,22122,22420,22647,22833,22798,22851,22921,23007,23092,23600,24091,24602,25123,25717,25931,26057,26131
70200,Alice Springs,26849,26775,26665,26583,26572,26700,26961,27466,28068,28397,28489,28355,28124,27486,26843,26518,26889,27223,27600,28029,28483,28859,29300,29693
70420,Barkly,7315,7346,7321,7333,7455,7564,7663,7773,7842,7863,7838,7842,7810,7663,7572,7426,7342,7257,7212,7228,7189,7212,7248,7288
70540,Belyuen,230,223,215,209,205,199,199,200,203,207,207,202,199,188,182,175,172,169,168,167,165,165,166,167
70620,Central Desert,4678,4641,4573,4529,4493,4454,4417,4392,4360,4337,4287,4322,4363,4316,4259,4165,4151,4138,4147,4129,4118,4105,4127,4128
70700,Coomalie,1125,1140,1157,1177,1206,1234,1240,1248,1262,1274,1275,1326,1369,1374,1396,1412,1428,1414,1411,1410,1400,1396,1422,1410
71000,Darwin,69635,69286,68968,69339,70538,71366,72735,74613,76775,77886,78467,80437,82996,83098,84363,85323,86339,85788,85308,85109,84854,84877,85781,86070
71150,Darwin Waterfront Precinct,0,0,0,0,0,0,0,0,0,169,238,262,293,323,365,398,400,373,348,330,312,289,285,309
71300,East Arnhem,8519,8640,8699,8834,9055,9275,9496,9784,10054,10305,10466,10526,10677,10469,10362,10252,10211,10165,10153,10123,10089,10108,10015,10040
72200,Katherine,9706,9648,9570,9542,9626,9689,9844,10075,10345,10467,10488,10639,10761,10744,10671,10541,10624,10672,10721,10716,10679,10834,10841,10857
72300,Litchfield,15782,15900,15821,15895,16215,16451,17412,18401,19203,19863,20218,21122,22195,23256,24757,25355,25203,24498,23331,23111,22879,23083,23431,23940
72330,MacDonnell,6675,6756,6741,6742,6767,6761,6709,6707,6732,6737,6710,6823,6911,6875,6859,6753,6685,6648,6636,6558,6574,6627,6713,6769
72800,Palmerston,22868,23497,23645,23978,24629,25640,26771,28184,29313,29904,30178,31269,32972,34478,35414,36013,36797,37596,38200,38902,39530,40467,41165,41598
73600,Roper Gulf,6327,6334,6301,6304,6352,6423,6539,6726,6936,7044,7042,7141,7207,7272,7335,7329,7297,7311,7357,7391,7435,7475,7497,7516
74050,Tiwi Islands,2523,2490,2452,2425,2428,2432,2522,2643,2777,2900,2970,2986,3001,2902,2848,2777,2755,2744,2742,2743,2735,2743,2748,2744
74550,Victoria Daly,3452,3430,3427,3417,3439,3441,3491,3476,3421,3381,3321,3334,3312,3269,3217,3142,3120,3135,3163,3196,3221,3262,3298,3307
74560,Wagait,248,263,277,294,310,326,342,361,383,399,420,438,459,467,479,492,486,480,474,471,464,463,465,481
74660,West Arnhem,6241,6198,6161,6182,6304,6452,6505,6679,6888,7040,7133,7214,7290,7157,7060,6941,6943,6985,7059,7130,7182,7258,7410,7467
74680,West Daly,2543,2612,2674,2752,2864,2986,3023,3151,3319,3425,3505,3546,3568,3587,3598,3601,3536,3476,3427,3422,3422,3434,3427,3448
79399,Unincorporated NT,7027,7072,7058,7128,7447,7664,7879,7995,8146,8180,8040,8131,8215,7970,7112,7065,7034,7023,7102,7263,7420,7571,7723,7837
89399,Unincorporated ACT,321538,324627,327357,328940,331399,335170,342644,348368,354785,361766,367985,376539,383257,388799,395813,403104,415046,426081,435730,444903,452508,456915,466359,473855
99399,Unincorp. Other Territories,542,464,441,428,413,386,370,370,367,375,389,380,374,361,367,2159,2243,2324,2382,2437,2530,2518,2511,2504
,Total Australia,19274701,19495210,19720737,19932722,20176844,20450966,20827622,21249199,21691653,22031750,22340024,22733465,23128129,23475686,23815995,24190907,24592588,24963258,25334826,25649248,25685412,26014399,26652777,27194369
